excerpt,published_date,refresh_existing,scraped_at,tags,title,topics,url
"Suspended by force majeure since the spring of 2021, work on the Mozambique LNG project has restarted with over 4,000 workers now engaged onshore and offshore to meet a 2029 deadline for first LNG.",2026-02-09,0,2026-02-16T16:00:30.113918+00:00,"LNG,TotalEnergies,Mozambique,Africa","TotalEnergies CEO, Mozambique President Confirm Mozambique LNG Restart","LNG,Business/economics,Field/project development",https://jpt.spe.org/totalenergies-ceo-mozambique-president-confirm-mozambique-lng-restart
The awards build on Tenaris’ role in earlier phases of the ultradeepwater Black Sea project.,2026-02-09,0,2026-02-16T16:00:30.621725+00:00,"deepwater,Turkey,TPAO,Tenaris,Black Sea",TPAO Awards Contracts to Tenaris for Sakarya Gas Project,"Offshore/subsea systems,Pipelines/flowlines/risers",https://jpt.spe.org/tpao-awards-contracts-to-tenaris-for-sakarya-gas-project
The deal positions the merged company to benefit from an expected offshore drilling upcycle.,2026-02-09,0,2026-02-16T16:00:31.004763+00:00,"acquisitions and divestitures,jackups,offshore,Transocean,Valaris",Transocean To Buy Valaris in $5.8B All-Stock Deal,"Asset/portfolio management,Business/economics,Drilling",https://jpt.spe.org/transocean-to-buy-valaris-in-5-8b-all-stock-deal
The cloud platform provider said the initiative is designed to help energy companies manage and analyze large-scale operational data.,2026-02-10,0,2026-02-16T16:00:31.391310+00:00,"cloud computing,artificial intelligence,data analytics,Cognite,ExxonMobil,Devon Energy","Snowflake Expands Energy Partnerships With Cognite, Argus, and Spotfire","Data & Analytics,Business/economics",https://jpt.spe.org/snowflake-expands-energy-partnerships-with-cognite-argus-and-spotfire
"The appraisal well in Utah confirmed a geothermal resource exceeding 555°F at a depth of approximately 11,200 ft.",2026-02-10,0,2026-02-16T16:00:31.836090+00:00,"Fervo,geothermal energy,Utah,DFIT,well testing",Fervo Drills Its Hottest Well,Geothermal energy,https://jpt.spe.org/fervo-drills-its-hottest-well
The development is expected to add approximately 39 million BOE in recoverable resources to the Solveig field.,2026-02-11,0,2026-02-16T16:00:32.274244+00:00,"Aker BP,Norwegian Sea,North Sea,tiebacks,TechnipFMC,Halliburton",Aker BP’s Solveig Phase 2 Comes Onstream,"Field/project development,Production",https://jpt.spe.org/aker-bps-solveig-phase-2-comes-onstream
Autonomous drilling through managed pressure drilling (MPD) at the Atlantis field has given the operator confidence to scale the method.,2026-02-11,0,2026-02-16T16:00:32.560085+00:00,"Atlantis,automation,BP,deepwater,Gulf of Mexico,managed pressure drilling,robotics",BP Optimizes ‘On the Go’ Using Automated Drilling Through MPD,"Drilling,Drilling automation,Data & Analytics,MPD/UBD,Robotics/unmanned systems",https://jpt.spe.org/bp-optimizing-on-the-go-using-automated-drilling-through-mpd
"Head of Texas A&M University's Department of Petroleum Engineering and 2021 SPE President, Tom Blasingame, is one of 158 new members elected to the 2026 class of the National Academy of Engineering.",2026-02-11,0,2026-02-16T16:00:32.926761+00:00,"SPE News,Texas,Texas A&M University,National Academies of Sciences, Engineering, and Medicine",2021 SPE President Tom Blasingame Elected to National Academy of Engineering,SPE News,https://jpt.spe.org/2021-spe-president-tom-blasingame-elected-to-national-academy-of-engineering
The planned facility was designed to process 34 MMcf/D of associated gas into fully refined gasoline.,2026-02-13,0,2026-02-16T16:00:33.266474+00:00,"gas to liquids,Diamondback Energy,Permian Basin,associated gas,gas prices,capital projects,carbon emissions,flaring",Verde Clean Fuels Suspends Permian Gas-to-Liquids Project With Diamondback Energy,"Business/economics,Onshore/Offshore Facilities,HSE & Sustainability",https://jpt.spe.org/verde-clean-fuels-suspends-permian-gas-to-liquids-project-with-diamondback-energy
A DNV report on decarbonization says the Middle East and North Africa region is expected to become the world’s largest hydrogen exporter by 2060 while maintaining a dominant position in global oil and gas markets.,2026-02-13,0,2026-02-16T16:00:33.451581+00:00,"DNV,Gulf Cooperation Council,Middle East,North Africa,methane emissions,emissions,carbon capture and storage,hydrogen,decarbonization",Report Sees GCC Countries Expanding Energy Exports While Easing Emissions,Decarbonization,https://jpt.spe.org/report-sees-gcc-countries-expanding-energy-exports-while-easing-emissions
The operator has estimated about 500 million bbl of oil in place at Algaita in Block 15/06.,2026-02-13,0,2026-02-16T16:00:33.840136+00:00,"Angola,deepwater,offshore,exploration",Azule Hits Oil With Algaita Well Offshore Angola,Exploration/discoveries,https://jpt.spe.org/azule-hits-oil-with-algaita-well-offshore-angola
The energy technology company received an order from Twenty20 Energy for 10 gas turbines to power US data center infrastructure.,2026-02-16,0,2026-02-16T16:00:34.392936+00:00,"Baker Hughes,power generation,oilfield services,artificial intelligence",Gas Turbine Order Furthers Baker Hughes’ Attention on Data Centers,Business/economics,https://jpt.spe.org/gas-turbine-order-furthers-baker-hughes-attention-on-data-centers
"The all-stock transaction will create one of the largest shale producers in the US, anchored by a major Delaware Basin position.",2026-02-02,0,2026-02-16T16:00:35.511790+00:00,"Devon Energy,Coterra,mergers and acquisitions,Permian Basin,Delaware Basin","Devon Energy, Coterra Energy Agree To Merge in $58-Billion Deal","Business/economics,Unconventional/complex reservoirs",https://jpt.spe.org/devon-energy-coterra-energy-agree-to-merge-in-58-billion-deal
Big projects are expected to add oil and gas to the energy mix in some regions while maturing basins contribute to drops in other areas.,2026-02-03,0,2026-02-16T16:00:35.852306+00:00,"Africa,Asia Pacific,Brazil,deepwater,Gulf Cooperation Council,Latin America,Middle East,Nigeria,shale,Suriname,unconventional resources,US,Westwood Global Energy Group","Westwood Sees Mix of Production Growth, Declines Through 2032",Business/economics,https://jpt.spe.org/westwood-sees-mix-of-production-growth-declines-through-2032
Rystad Energy expects the continent to account for the largest share of frontier and basin-opening wells in 2026 as operators pursue scale and untapped resources.,2026-02-03,0,2026-02-16T16:00:36.102671+00:00,"Rystad Energy,exploration,Africa,lease auction,Nigeria,Chevron,Libya,fiscal regimes,West Africa,regulations",Africa Emerges as Center of Gravity for High-Impact Exploration,"Exploration/discoveries,Drilling,Business/economics",https://jpt.spe.org/africa-emerges-as-center-of-gravity-for-high-impact-exploration
The Norwegian giant announced it is selling all of its Vaca Muerta assets to Vista Energy.,2026-02-03,0,2026-02-16T16:00:36.490798+00:00,"Equinor,Argentina,Vaca Muerta shale,asset divestment",Equinor Steps Away From Onshore Argentina,Asset/portfolio management,https://jpt.spe.org/equinor-steps-away-from-onshore-argentina
Enverus projects 2026 activity aimed at gaining access to gas along the Gulf coast and disaggregation of assets.,2026-02-04,0,2026-02-16T16:00:36.949379+00:00,"Enverus,mergers and acquisitions,shale,Canada",Diversification of Deals Characterizes 2025 Upstream M&A Activity in US,"Unconventional/complex reservoirs,Business/economics,Asset/portfolio management,Risk management",https://jpt.spe.org/diversification-of-deals-characterizes-2025-upstream-m-a-activity-in-us
The country’s state oil company has signed agreements with SLB and TotalEnergies to work on production.,2026-02-04,0,2026-02-16T16:00:37.246947+00:00,"Kuwait,SLB,TotalEnergies,Halliburton",Kuwait Looks to Foreign Companies To Develop Resources,"Production,Business/economics",https://jpt.spe.org/kuwait-looks-to-foreign-companies-to-develop-resources
The supermajors are seeking new US licenses to develop cross-border natural gas fields.,2026-02-05,0,2026-02-16T16:00:37.588803+00:00,"Venezuela,US,Trinidad and Tobago,offshore,Shell,BP,sanctions,licensing","Shell, BP Renew Push To Develop Shared Trinidad/Venezuela Gas Fields","Field/project development,Business/economics",https://jpt.spe.org/shell-bp-renew-push-to-develop-shared-trinidad-venezuela-gas-fields
"From credit markets to grid constraints, the forces shaping energy today go far beyond price. Inside the inaugural E3S symposium, industry leaders, policymakers, economists, and students explored how technology, financing, permitting, and supply chain resilience are redefining what it takes to power the energy future.",2026-02-05,0,2026-02-16T16:00:37.949969+00:00,"supply chain,oil prices,CAPEX,Federal Reserve Bank,energy mix,sustainability","Constraints, Not Prices: What E3S 2026 Revealed About Energy, Economics, and Evaluation","Business/economics,Risk management,Asset/portfolio management",https://jpt.spe.org/constraints-not-prices-what-e3s-2026-revealed-about-energy-economics-and-evaluation
"Major increases in hydrocarbon production require both incremental and revolutionary technologies, industry leaders said during the SPE Hydraulic Fracturing Technology Conference.",2026-02-05,0,2026-02-16T16:00:38.419329+00:00,"2026 SPE President,Chevron,ExxonMobil,fracturing,shale,SPE event,unconventional resources,US Department of Energy,young professionals,engineering education,energy education",US Energy Secretary Urges Industry To Double Oil and Gas Output,"SPE News,AI/machine learning,Completions,Fracturing/pressure pumping,Unconventional/complex reservoirs,Human resources",https://jpt.spe.org/us-energy-secretary-urges-industry-to-double-oil-and-gas-output
The company's CEO says Europe’s third-largest oil field is entering a natural decline phase.,2026-02-06,0,2026-02-16T16:00:38.637417+00:00,"Equinor,Johan Sverdrup,North Sea,Norway,Norwegian Continental Shelf,asset divestment,decline rates",Equinor Reports Johan Sverdrup Facing More Than 10% Decline in Output This Year,"Production,Asset/portfolio management,Business/economics,Onshore/Offshore Facilities",https://jpt.spe.org/equinor-reports-johan-sverdrup-facing-more-than-10-decline-in-output-this-year
"Marking a major milestone as the Gulf of Mexico’s second 20,000-psi deepwater development, the project underscores how advanced high-pressure technology, management of flow challenges, and the floating production system’s role as a regional hub are helping open the door to more Inboard Wilcox development.",2026-02-06,0,2026-02-16T16:00:38.893955+00:00,"Beacon Offshore,Gulf of Mexico,floating production systems,HP/HT,Clariant,corrosion,scale,flow assurance","Beacon's Shenandoah Project Showcases 20,000-psi Deepwater Technology","Onshore/Offshore Facilities,Field/project development,Offshore/subsea systems,Floating production systems,Oilfield chemistry,Production",https://jpt.spe.org/beacons-shenandoah-project-showcases-20k-psi-deepwater-technology
An earlier deal to double Israel’s gas exports to Egypt led to approval of Leviathan’s Phase 1B expansion by guaranteeing long-term cash flow to finance the project.,2026-02-07,0,2026-02-16T16:00:39.290176+00:00,"Chevron,NewMed Energy,Eastern Mediterranean,Israel,Egypt,Leviathan,gas transmission","Chevron, NewMed, Ratio Declare FID on Leviathan Phase Expansion","Field/project development,Offshore/subsea systems,Production,Drilling",https://jpt.spe.org/chevron-newmed-ratio-declare-fid-on-leviathan-phase-expansion
"The Doyon 26 drilling rig, reportedly the largest mobile land rig in North America, fell on its side while being transported in Alaska’s North Slope, sending eight people to area clinics for treatment of non-life-threatening injuries.",2026-01-26,0,2026-02-16T16:00:39.941276+00:00,"Alaska,North Slope,ConocoPhillips,HSE,extended reach wells",‘The Beast’ Falls Over in Alaska,"Onshore/Offshore Facilities,HSE & Sustainability",https://jpt.spe.org/the-beast-falls-over-in-alaska
The deal targets increased investment and production from one of the country’s largest onshore developments.,2026-01-27,0,2026-02-16T16:00:40.397036+00:00,"Libya,North Africa,TotalEnergies,ConocoPhillips,Chevron,field development,lease auction",Libya Sees $20 Billion Investment Potential in TotalEnergies Waha Extension,"Business/economics,Production,Onshore/Offshore Facilities,Exploration/discoveries",https://jpt.spe.org/libya-sees-20-billion-investment-potential-in-totalenergies-waha-extension
Rystad Energy estimates up to 25 Bcf/D of natural gas output may have been temporarily halted as freezing weather swept key producing regions.,2026-01-27,0,2026-02-16T16:00:40.811105+00:00,"Rystad Energy,Bakken shale,US,Permian Basin,Texas,natural gas,shut-ins",US Winter Storm Knocks Some Production Offline Temporarily,Production,https://jpt.spe.org/us-winter-storm-knocks-some-production-offline-temporarily
"The $26-million project will serve as a collaborative hub for research, engineering, and testing.",2026-01-28,0,2026-02-16T16:00:41.203153+00:00,"Halliburton,Singapore,R&D,innovation,completions,career development,Southeast Asia,Asia Pacific",Halliburton and A*STAR Partner To Advance Well Completion Innovation,"R&D/innovation,Completions",https://jpt.spe.org/halliburton-and-a-star-partner-to-advance-well-completion-innovation
Among the awards are contracts for four currently idle deepwater rigs.,2026-01-28,0,2026-02-16T16:00:41.529752+00:00,"Noble Corp.,drilling rigs,offshore,semisubmersible,deepwater",Noble Lands $1.3 Billion in Rig Contracts,"Drilling,Business/economics,Onshore/Offshore Facilities",https://jpt.spe.org/noble-lands-1-3-billion-in-rig-contracts
The company said its frequency of serious incidents was down at the end of the year from its levels at the end of 2024.,2026-01-28,0,2026-02-16T16:00:41.965172+00:00,"Equinor,safety,HSE",Equinor Reports Increase in Safety for 2025,"Safety,HSE & Sustainability",https://jpt.spe.org/equinor-reports-increase-in-safety-for-2025
A final investment decision is also expected by the end of the year for the company’s first low-carbon data center project.,2026-01-29,0,2026-02-16T16:00:42.321793+00:00,"ExxonMobil,carbon capture and storage,artificial intelligence,FID,Texas,Louisiana",ExxonMobil Plans Three New CCS Startups in Texas and Louisiana This Year,"Carbon capture and storage,Business/economics,HSE & Sustainability,Reservoir",https://jpt.spe.org/exxonmobil-plans-three-new-ccs-startups-in-texas-and-louisiana-this-year
The agency also requests feedback related to interest in a possible minerals lease sale offshore Alaska.,2026-01-30,0,2026-02-16T16:00:42.804210+00:00,"Alaska,Bureau of Ocean Energy Management,California,Gulf of Mexico,lease sale,US",BOEM Seeks Comment on Proposed California OCS Lease Sales,"Asset/portfolio management,Business/economics,Exploration/discoveries",https://jpt.spe.org/boem-seeks-comment-on-proposed-california-ocs-lease-sales
"Despite a 2.8% drop in liquefied natural gas exports in 2025 because of lost market share in China, Australia anticipates a 2026 rebound as new North West Shelf capacity comes online. Meanwhile, East Coast operators brace for a tsunami of wells entering the decommissioning pipeline and potential energy shortfalls necessitating LNG imports.",2026-02-01,0,2026-02-16T16:00:43.224572+00:00,,"Something New, Something Old: Australia’s Greenfield LNG Projects Grow Capacity While Depleted Wells Drive Decommissioning",,https://jpt.spe.org/something-new-something-old-australias-greenfield-lng-projects-grow-capacity-while-depleted-wells-drive-decommissioning-restricted
"To overcome operational constraints tied to ball-and-seat valves, an operator tested a spring-loaded alternative downhole.",2026-02-01,0,2026-02-16T16:00:43.504300+00:00,"artificial lift,OPEX,Oman,heavy oil,Lufkin Industries,emerging technology,case study",Case Study: Reducing OPEX and Boosting Production in Oman Heavy-Oil Fields With Downhole Spring-Loaded Valve Technology,"Production,Artificial lift",https://jpt.spe.org/case-study-reducing-opex-and-boosting-production-in-oman-heavy-oil-fields-with-downhole-spring-loaded-valve-technology
Monitoring on the ground is helping the industry shift from best estimates to hard data so it can bring the true emissions profile into focus.,2026-02-01,0,2026-02-16T16:00:43.663195+00:00,,Emissions Big Picture: Metering Closes the Accuracy Gap,,https://jpt.spe.org/emissions-big-picture-metering-closes-the-accuracy-gap-restricted
"The newly named MTS brings together the full methane ecosystem, end to end—connecting technology, data, operations, and assurance across upstream, midstream, and beyond.",2026-02-02,0,2026-02-16T16:00:44.083370+00:00,"SPE News,methane emissions",SPE Methane Technical Section: A New Name for the Methane Emissions Management Section,"SPE News,HSE & Sustainability,Environment,Emission management",https://jpt.spe.org/spe-methane-technical-section-a-new-name-for-the-methane-emissions-management-section
"The vessel, ordered by Eni, is expected to double LNG production at Eni’s project offshore Mozambique to 7 mtpa when it goes online in 2028.",2026-01-16,0,2026-02-16T16:00:44.892178+00:00,"Samsung Heavy Industries,Eni,Mozambique,Africa,floating LNG (FLNG),Coral FLNG",Samsung Launches Coral North FLNG Hull,"LNG,Offshore/subsea systems,Onshore/Offshore Facilities",https://jpt.spe.org/samsung-launches-coral-north-flng-hull
The North Sea Transition Authority has updated its UKCS Well Applications and Consents Guidance to include the process for applying for consent to drill carbon-storage wells.,2026-01-16,0,2026-02-16T16:00:45.213307+00:00,"carbon capture and storage,North Sea Transition Authority,UK Continental Shelf,North Sea",NSTA Adds Carbon-Storage Wells to Consent Guidance,Carbon capture and storage,https://jpt.spe.org/nsta-adds-carbon-storage-wells-to-consent-guidance
The report says the capacity of renewables in the region is set to grow tenfold by 2040 as electricity demand and new sectors drive rapid solar and wind expansion.,2026-01-16,0,2026-02-16T16:00:45.415953+00:00,"Middle East,North Africa,renewable energy,energy transition,solar power,wind power,DNV",DNV Report Highlights Growth of Solar and Wind Capacity in the Middle East,"Energy transition,Sustainability,HSE & Sustainability",https://jpt.spe.org/dnv-report-highlights-growth-of-solar-and-wind-capacity-in-the-middle-east
"The Career Advancement Network held its 16th semiannual Energy Professionals Hiring Event at SPE’s 2025 Annual Technical Conference and Exhibition, allowing participants to connect with employers, explore opportunities, and seek information about job opportunities in a rapidly evolving industry.",2026-01-19,0,2026-02-16T16:00:45.843772+00:00,"career guidance,career development,career,SPE event,SPE News",Energy Professionals Hiring Event Marks New Chapter at ATCE,Human resources,https://jpt.spe.org/energy-professionals-hiring-event-marks-new-chapter-at-atce
Malampaya East discovery is estimated to hold 98 Bcf of gas and may help offset declines at the country’s only producing gas field.,2026-01-19,0,2026-02-16T16:00:46.043241+00:00,"Philippines,offshore,natural gas,gas condensate,gas discovery,South China Sea,Asia Pacific,Southeast Asia",Philippines Reports ‘Major’ Gas Find Near Malampaya Field,"Exploration/discoveries,Onshore/Offshore Facilities,Production,Reservoir,Completions,Drilling",https://jpt.spe.org/philippines-reports-major-gas-find-near-malampaya-field
"The NLR has released its 2025 US Geothermal Market Report, documenting 4 years of industry growth and providing policymakers and stakeholders with an updated overview of the US geothermal market.",2026-01-21,0,2026-02-16T16:00:46.483061+00:00,"geothermal energy,Fervo,US,Utah FORGE,enhanced geothermal system,energy mix,R&D",National Laboratory of the Rockies Releases Geothermal Market Report,"Geothermal energy,Business/economics,R&D/innovation",https://jpt.spe.org/national-laboratory-of-the-rockies-releases-geothermal-market-report
"The project, which is owned and run by Equinor offshore New York, is more than 60% complete.",2026-01-21,0,2026-02-16T16:00:46.799379+00:00,"Equinor,wind power,Department of Interior",Court Lets Construction Resume on Equinor’s Empire Wind,Offshore wind,https://jpt.spe.org/court-lets-construction-resume-on-equinors-empire-wind
Damage to power distribution systems prompted precautionary shutdowns at two major oil fields.,2026-01-21,0,2026-02-16T16:00:47.084066+00:00,"Kazakhstan,Tengiz field,Caspian,Chevron",Fire Forces Temporary Shutdown at Kazakhstan’s Tengiz Oil Field,"Production,HSE & Sustainability",https://jpt.spe.org/fire-forces-temporary-shutdown-at-kazakhstans-tengiz-oil-field
The US Energy Information Administration said it expects US crude oil production to stay close to 2025 levels in 2026 before dipping in 2027.,2026-01-22,0,2026-02-16T16:00:47.429389+00:00,"US Energy Information Administration,US,Permian Basin,Alaska,Gulf of Mexico",EIA Predicts Near-Term US Production To Remain Near 2025 Levels,Production,https://jpt.spe.org/eia-predicts-near-term-us-production-to-remain-near-2025-levels
"The Nasr-115 expansion project, within ADNOC’s larger Ghasha concession, is part of a development aimed at increasing capacity to 115,000 BOPD by 2027.",2026-01-23,0,2026-02-16T16:00:47.804593+00:00,"McDermott International,Middle East,Abu Dhabi,ADNOC,offshore",ADNOC Taps McDermott for Offshore Nasr-115 Expansion Project,"Field/project development,Onshore/Offshore Facilities",https://jpt.spe.org/adnoc-taps-mcdermott-for-offshore-nasr-115-expansion-project
The expansion project by QatarEnergy is expected to increase LNG production capacity to 142 mtpa when it goes online.,2026-01-26,0,2026-02-16T16:00:48.218361+00:00,"Chiyoda,LNG,Middle East,QatarEnergy,Qatar,North Field LNG",Chiyoda Wins LNG Facilities FEED for QatarEnergy’s North Field West,"Field/project development,LNG,Onshore/Offshore Facilities",https://jpt.spe.org/chiyoda-wins-lng-facilities-feed-for-qatarenergys-north-field-west
A series of major advances will move Phase One of the Alaska LNG Project from the development phase into execution.,2026-01-26,0,2026-02-16T16:00:48.704614+00:00,"Alaska,LNG,North Slope,Worley,natural gas",Glenfarne Advances Alaska LNG Project,"Field/project development,Business/economics,LNG",https://jpt.spe.org/glenfarne-advances-alaska-lng-project
The Norwegian major said it is using artificial intelligence for predictive maintenance throughout its facilities and for interpretation of seismic data from the Norwegian continental shelf.,2026-01-07,0,2026-02-16T16:00:49.229263+00:00,"Equinor,artificial intelligence,predictive maintenance,seismic,Johan Sverdrup,Norwegian Continental Shelf,field development,monitoring",Equinor Says AI Saved It $130M in 2025,"AI/machine learning,Inspection/maintenance",https://jpt.spe.org/equinor-says-ai-saved-it-130m-in-2025
The London-headquartered independent acquires position in the US Gulf while preparing Zama for final investment decision.,2026-01-08,0,2026-02-16T16:00:49.568173+00:00,"Harbour Energy,LLOG Exploration,Gulf of Mexico,mergers and acquisitions,Zama field,deepwater","Harbour Energy Adds US Deepwater Assets, Takes Operatorship of Mexico’s Zama Field","Business/economics,Onshore/Offshore Facilities,Management,Drilling,Asset/portfolio management",https://jpt.spe.org/harbour-energy-adds-us-deepwater-assets-takes-operatorship-of-mexicos-zama-field
"SPE’s strength depends on engaged members, and serving on a committee is a meaningful way to contribute expertise, collaborate with peers, shape programs, and make a lasting impact on the Society and its future professionals. Members are encouraged to step forward, volunteer, and help shape SPE’s future.",2026-01-08,0,2026-02-16T16:00:49.969647+00:00,"SPE News,volunteer",Call for SPE Volunteers: Committee Opportunities Are Now Open,SPE News,https://jpt.spe.org/call-for-spe-volunteers-committee-opportunities-are-now-open
Murphy Oil’s Hai Su Vang (Golden Sea Lion) appraisal well reinforces the commerciality of the 2025 discovery.,2026-01-09,0,2026-02-16T16:00:50.411200+00:00,"discovery,Murphy Oil,offshore,Vietnam,Southeast Asia",Offshore Vietnam Hai Su Vang Appraisal Ups Recovery Estimate,Exploration/discoveries,https://jpt.spe.org/offshore-vietnam-hai-su-vang-appraisal-ups-recovery-estimate
The agreement requires the partners to conduct their own proprietary 3D survey of Block 8 in hope of zeroing in on the sweet spot that eluded the TotalEnergies-led consortium when it drilled a dry hole in an adjacent block in 2023.,2026-01-09,0,2026-02-16T16:00:50.725177+00:00,"TotalEnergies,QatarEnergy,Eni,Lebanon,3D seismic,Eastern Mediterranean,TGS,seismic","TotalEnergies, Eni, QatarEnergy To Reboot Exploration Offshore Lebanon","Exploration/discoveries,Business/economics",https://jpt.spe.org/totalenergies-eni-qatarenergy-to-reboot-exploration-offshore-lebanon
US oil executives say large-scale investment in Venezuela will depend on governance reforms and sustainable legal protections.,2026-01-13,0,2026-02-16T16:00:51.160167+00:00,"Venezuela,US,US Department of Energy,ExxonMobil,Chevron,Continental Resources,ConocoPhillips,South America",US Pushes for $100 Billion Oil Investment in Venezuela,"Business/economics,Production,Risk management",https://jpt.spe.org/us-pushes-for-100-billion-oil-investment-in-venezuela
"SPE President Jennifer Miskimins lent her expertise to Science Friday’s conversation about Venezuelan oil, explaining the reality of what it would take to extract and refine it.",2026-01-13,0,2026-02-16T16:00:51.463540+00:00,"2026 SPE President,Venezuela,South America",SPE President Breaks Down Venezuela’s Oil Challenges on Science Friday,"Business/economics,Production,Risk management",https://jpt.spe.org/spe-president-breaks-down-venezuelas-oil-challenges-on-science-friday
"Equinor, Aker BP, DNO Norge, and Vår Energi received the most licensing offers in APA 2025.",2026-01-14,0,2026-02-16T16:00:51.886185+00:00,"Aker BP,Barents Sea,DNO,Equinor,licensing round,North Sea,Norway,Norwegian Continental Shelf,Norwegian Sea,Var Energi",Norway Offers 57 Offshore Licenses to 19 Companies,"Asset/portfolio management,Business/economics,Exploration/discoveries,Mature fields",https://jpt.spe.org/norway-offers-57-offshore-licenses-to-19-companies
Woodside’s $12-billion gas project offshore Western Australia is expected to produce up to 8 mtpa once it’s complete.,2026-01-15,0,2026-02-16T16:00:52.241383+00:00,"Australia,floating production systems,LNG,McDermott International,natural gas,Western Australia,Woodside Energy,Asia Pacific",Scarborough on Track for First LNG After FPU Arrives on Site,"Field/project development,Floating production systems,LNG,Onshore/Offshore Facilities",https://jpt.spe.org/scarborough-on-track-for-first-lng-after-fpu-arrives-on-site
The new assessment also estimates 28.3 Tcf of technically recoverable gas in the Woodford and Barnett shales.,2026-01-15,0,2026-02-16T16:00:52.685142+00:00,"Permian Basin,US Geological Survey,Diamondback Energy,ExxonMobil,Occidental Petroleum",USGS: Permian Secondary Shales Hold 1.6 Billion Barrels of Recoverable Oil,"Formation evaluation,Reservoir,Unconventional/complex reservoirs",https://jpt.spe.org/usgs-permian-secondary-shales-hold-1-6-billion-barrels-of-recoverable-oil
"For more than a century, LSU has shaped petroleum engineering education, but few assets showcase its impact like the PERTT Lab. With six deep test wells and rare reservoir-depth gas-injection capabilities, the facility is helping drive breakthroughs in well control, carbon-dioxide injection, and next-generation energy technologies.",2026-01-16,0,2026-02-16T16:00:53.024468+00:00,"Louisiana,training,engineering education,continuing education",From Six Full‑Scale Test Wells to a New Carbon-Dioxide Research Well: How LSU’s PERTT Lab Advances Oilfield and CCS Technologies,"R&D/innovation,Data & Analytics,Well integrity/control,Cybersecurity,MPD/UBD,Offshore/subsea systems,Carbon capture and storage,Flow assurance,Onshore/Offshore Facilities",https://jpt.spe.org/from-six-full-scale-test-wells-to-a-new-co2-research-well-how-lsus-pertt-lab-advances-oilfield-and-ccs-technologies
The acquisition adds 2.1 Bcf/D of production and pipeline infrastructure in Texas and Louisiana.,2026-01-16,0,2026-02-16T16:00:53.368807+00:00,"Mitsubishi,Haynesville,mergers and acquisitions,Cameron LNG",Mitsubishi Enters US Shale Gas With $7.2 Billion Purchase of Aethon Assets,"Business/economics,Unconventional/complex reservoirs",https://jpt.spe.org/mitsubishi-enters-us-shale-gas-with-7-2-billion-purchase-of-aethon-assets
"The $1.3-billion deal targets DJ Basin assets producing 35,000 BOEPD, and Japex aims to increase that output to 50,000 BOEPD around 2030.",2025-12-27,0,2026-02-16T16:00:54.017864+00:00,"tight oil,tight gas,acquisitions and divestitures,Denver-Julesburg Basin,Wyoming,Colorado",Japex To Acquire Verdad Resources’ DJ Basin Assets,"Unconventional/complex reservoirs,Asset/portfolio management,Business/economics",https://jpt.spe.org/japex-to-acquire-verdad-resources-dj-basin-assets
A presidential decree extends ExxonMobil’s chance to possibly recoup part of the $4.6 billion loss it suffered after exiting its flagship Russian asset in spring 2022.,2025-12-31,0,2026-02-16T16:00:54.355128+00:00,"ExxonMobil,Reliance Industries,Rosneft,Lukoil,Russia,India,sanctions",Russia Grants ExxonMobil Another Year To Sell Its Sakhalin-1 Stake,"Business/economics,Risk management",https://jpt.spe.org/russia-grants-exxonmobil-another-year-to-sell-its-sakhalin-1-stake
"As cutting-edge technologies unlock geothermal potential, Japan is channeling investments into powerhouse projects across the US, Indonesia, and New Zealand and priming its own reserves for a clean energy boom at home.",2026-01-01,0,2026-02-16T16:00:54.736188+00:00,,Japan Invests To Fire Up Geothermal Power,,https://jpt.spe.org/japan-invests-to-fire-up-geothermal-power-restricted
"This paper examines how real-time monitoring can improve both incident prevention and emergency response in the oil and gas industry. Drawing from real-world examples and case studies, it provides practical strategies for implementing this technology effectively.",2026-01-01,0,2026-02-16T16:00:54.969917+00:00,"HSE,health,safety,fatalities,internet of things",Managing Occupational Health Risk Through Real-Time Data,"HSE & Sustainability,Safety,Health",https://jpt.spe.org/managing-occupational-health-risk-through-real-time-data
"This article is the sixth and final Q&A in a series from the SPE Research and Development Technical Section focusing on emerging energy technologies. In this final edition, Matthew T. Balhoff, SPE, of The University of Texas at Austin shares his views on the future of upstream education.",2026-01-01,0,2026-02-16T16:00:55.426175+00:00,R&D,R&D Technical Section Q&A: The Future of Education—Innovation and Agility,R&D/innovation,https://jpt.spe.org/r-d-technical-section-q-a-the-future-of-education-innovation-and-agility
Operators are turning to new gas-lift and nanoparticle-fluid technologies to drive up production rates.,2026-01-01,0,2026-02-16T16:00:55.651099+00:00,,Rewriting the Artificial Lift Playbook,,https://jpt.spe.org/rewriting-the-artificial-lift-playbook-restricted
"Even as output hits record highs, a growing recognition of the Permian’s maturity is opening the door for new technologies to improve performance.",2026-01-01,0,2026-02-16T16:00:55.926655+00:00,,"As Permian Shifts From Expansion to Endurance, Shale Producers Reach for More EOR, Horseshoe Wells, and AI",,https://jpt.spe.org/as-permian-shifts-from-expansion-to-endurance-shale-producers-reach-for-more-eor-horseshoe-wells-and-ai-restricted
Field results highlight how rethinking tubing-anchor-catcher design can reduce gas interference and support late-life production.,2026-01-01,0,2026-02-16T16:00:56.362524+00:00,"artificial lift,unconventional resources,Denver-Julesburg Basin,scale,computational fluid dynamics,case study","Case Study: DJ Basin Operator Uses Prototype Downhole Tool to Increase Production, Mitigate Gas Interference in Mature Wells","Artificial lift,Production,Mature fields",https://jpt.spe.org/case-study-dj-basin-operator-uses-prototype-downhole-tool-to-increase-production-mitigate-gas-interference-in-mature-wells
Experience in subsurface production and lift design is shaping a new generation of geothermal operations built for reliability and scalability.,2026-01-01,0,2026-02-16T16:00:56.729071+00:00,"artificial lift,geothermal energy,Guest Editorial,monitoring,electrical submersible pumps",Guest Editorial: Optimizing Geothermal Performance With Artificial Lift Expertise,"Geothermal energy,Artificial lift,Flow assurance,Management,HSE & Sustainability,Data & Analytics",https://jpt.spe.org/guest-editorial-optimizing-geothermal-performance-with-artificial-lift-expertise
The platform brings the field’s installed production capacity to 1.5 million BOPD.,2026-01-05,0,2026-02-16T16:00:57.147489+00:00,"Brazil,Búzios,deepwater,FPSO,Petrobras,presalt,South America",Petrobras Brings Búzios 6 FPSO Online,"Field/project development,Floating production systems,Production,Onshore/Offshore Facilities",https://jpt.spe.org/petrobras-brings-buzios-6-fpso-online
"Following a US military operation to arrest Venezuela’s president, analysts say there is no easy fix for the country’s beleaguered upstream sector.",2026-01-06,0,2026-02-16T16:00:57.576835+00:00,"Venezuela,sanctions,Chevron,heavy oil,South America",Industry Analysts Weigh In on Venezuela’s Upstream Outlook Post-Maduro,"Production,Onshore/Offshore Facilities,Business/economics",https://jpt.spe.org/industry-analysts-weigh-in-on-venezuelas-upstream-outlook-post-maduro
"Engineering, procurement, construction, and installation awards made at the end of 2025 are expanding Saipem’s role in Turkey’s two largest offshore gas fields, plus Saudi Arabia’s Berri, Abu Safah, and Marjan oil fields and Qatar’s North Field gas giant in the Persian Gulf.",2026-01-07,0,2026-02-16T16:00:57.885236+00:00,"Saipem,Turkey,Black Sea,Persian Gulf,Qatar,Saudi Aramco,QatarEnergy,pipelines,offshore,Middle East",Saipem Closes 2025 With Series of Major Contracts,"Pipelines/flowlines/risers,Offshore/subsea systems,Midstream,Field/project development",https://jpt.spe.org/saipem-closes-2025-with-series-of-major-contracts
"Fugro’s entry into the UK’s small modular reactor market follows its breakthrough in the US, where it secured a contract in February to perform a geoscience site investigation for the recommissioned Palisades Nuclear Power Plant in Michigan.",2025-12-17,0,2026-02-16T16:00:58.604780+00:00,"UK,Fugro,nuclear energy,energy mix,power generation,sustainability,startup companies",Fugro Inks Deal With UK Startup To Build SMR Nuclear Power Sites,"Energy transition,Sustainability,Business/economics,Field/project development",https://jpt.spe.org/fugro-inks-deal-with-uk-startup-to-build-smr-nuclear-power-sites
This article is the first in a Q&A series from the SPE Methane Emissions Management Technical Section (MEMTS) on methane intelligence and how oil and gas teams translate emissions data into credible decisions and measurable reductions.,2025-12-18,0,2026-02-16T16:00:58.906842+00:00,"methane emissions,methane,artificial intelligence,machine learning,data analytics","MEMTS Q&A: Data, Models, and Trust—The Next Frontier in Methane Emissions Quantification","Data & Analytics,HSE & Sustainability",https://jpt.spe.org/memts-technical-section-q-a-data-models-and-trust-the-next-frontier-in-methane-emissions-quantification
"The company engineered, designed, and manufactured multiple internal floating roof systems and tank-top equipment packages for TotalEnergies’ new storage terminal in Equatorial Guinea.",2025-12-18,0,2026-02-16T16:00:59.162470+00:00,"TotalEnergies,Equatorial Guinea,facility design,storage tank",ERGIL Delivers Emissions-Control IFR Systems for TotalEnergies,"Emission management,Field/project development",https://jpt.spe.org/ergil-delivers-emissions-control-ifr-systems-for-totalenergies
The transition follows a broader effort within BP to reorganize management and direct more capital to oil and gas projects.,2025-12-18,0,2026-02-16T16:00:59.497217+00:00,"BP,Woodside Energy",BP Taps Woodside’s Meg O’Neill as Next CEO,Business/economics,https://jpt.spe.org/bp-taps-woodsides-meg-oneill-as-next-ceo
The two companies say they plan to work together to use agentic AI to increase the capabilities of technical experts.,2025-12-18,0,2026-02-16T16:00:59.862019+00:00,"SLB,Shell,artificial intelligence","SLB, Shell Agree To Collaborate on Agentic AI Efforts",Data & Analytics,https://jpt.spe.org/slb-shell-agree-to-collaborate-on-agentic-ai-efforts
The Federal Reserve Bank of Dallas’ fourth-quarter energy survey shows that oil prices and geopolitical uncertainty are curbing enthusiasm heading into the new year.,2025-12-19,0,2026-02-16T16:01:00.292725+00:00,"Federal Reserve Bank,Permian Basin,artificial intelligence,proppant,oil prices,US",Cautious Outlook Constrains Budget Growth for US Shale in 2026,"Business/economics,Drilling,Production,Completions,Management",https://jpt.spe.org/cautious-outlook-constrains-budget-growth-for-us-shale-in-2026
"Following the start of injection in August, Northern Lights has issued the first set of certificates documenting that the carbon dioxide captured from the Heidelberg Materials cement factory has been transported and stored permanently in the Aurora reservoir.",2025-12-19,0,2026-02-16T16:01:00.685248+00:00,"carbon capture and storage,Northern Lights,CO2,Norway,Equinor,Shell,TotalEnergies",Northern Lights Issues First Carbon Dioxide Storage Certificates,"Carbon capture and storage,HSE & Sustainability",https://jpt.spe.org/northern-lights-issues-first-carbon-dioxide-storage-certificates
"Vår Energi and partners have officially sanctioned the Previously Produced Fields Project in the Greater Ekofisk Area. The redevelopment is expected to add high-value barrels starting in 2028, extending the production life of one of Norway’s key offshore regions.",2025-12-20,0,2026-02-16T16:01:01.059939+00:00,"Var Energi,ConocoPhillips,Ekofisk,Norway,FID,subsea,gas condensates,tiebacks",Vår Energi Sanctions PPF Project To Boost Ekofisk Production From 2028,"Field/project development,Mature fields,Offshore/subsea systems",https://jpt.spe.org/var-energi-sanctions-ppf-project-to-boost-ekofisk-production-from-2028
"KTH researchers unveil a nickel/iron catalyst that speeds up water splitting, boosting efficient, sustainable hydrogen production.",2025-12-21,0,2026-02-16T16:01:01.489386+00:00,"hydrogen,university research,innovation",KTH Scientists Develop Catalyst for Faster Hydrogen Production,"R&D/innovation,HSE & Sustainability",https://jpt.spe.org/kth-scientists-develop-catalyst-for-faster-hydrogen-production
"Switching from continuous circulation to cyclic huff-‘n’-puff operation in enhanced geothermal systems can significantly delay thermal breakthrough, sustain higher production temperatures, and improve long-term economic performance.",2025-12-22,0,2026-02-16T16:01:01.923803+00:00,"geothermal energy,artificial intelligence,machine learning",What Huff-‘n’-Puff Teaches Us About Geothermal Heat Recovery,"Geothermal energy,Data & Analytics",https://jpt.spe.org/what-huff-n-puff-teaches-us-about-geothermal-heat-recovery
The latest corporate plan drops the amount the company says it will invest in low-carbon efforts by $10 billion from last year’s plan.,2025-12-23,0,2026-02-16T16:01:02.163457+00:00,,Exxon Eases Up on Low-Carbon Push,"Decarbonization,Business/economics",https://jpt.spe.org/exxon-eases-up-on-low-carbon-push
"The Nigerian Upstream Petroleum Regulatory Commission has set its sights on anticorruption efforts for the 2025 Licensing Round, which began on 1 December.",2025-12-26,0,2026-02-16T16:01:02.593094+00:00,"Nigeria,licensing,licensing round,regulations,West Africa",Nigeria's Regulatory Commission Commits to Corruption-Free 2025 Licensing Round,"Business/economics,Asset/portfolio management,Exploration/discoveries",https://jpt.spe.org/nigerias-regulatory-commission-commits-to-corruption-free-2025-licensing-round
"From Washington to Rhode Island, college campuses are tapping into geothermal energy to heat and cool new construction projects.",2025-12-11,0,2026-02-16T16:01:03.174749+00:00,"geothermal energy,innovation,sustainable development",US Universities Turn to Geothermal To Power the Next Generation of Buildings,"Geothermal energy,Sustainability",https://jpt.spe.org/us-universities-turn-to-geothermal-to-power-the-next-generation-of-buildings
"Project financing raised by JP Morgan will enable YPF and its partners Eni and ADNOC’s XRG to launch Phase 2 of Argentina LNG, boosting production to 18 mtpa by 2030–2031.",2025-12-11,0,2026-02-16T16:01:03.523508+00:00,"Argentina,South America,Eni,YPF,Shell,ADNOC,unconventional gas,Vaca Muerta shale","YPF, Eni, XRG Target FID for Argentina LNG Export Project in Mid-2026","Business/economics,LNG,Floating production systems,Midstream,Onshore/Offshore Facilities",https://jpt.spe.org/ypf-eni-xrg-target-fid-for-argentina-lng-export-project-in-mid-2026
Deepwater blocks drew most of the attention in the first lease sale for the offshore region to be held in 2 years.,2025-12-11,0,2026-02-16T16:01:04.017760+00:00,"US,Gulf of Mexico,lease sale,Bureau of Ocean Energy Management",US Gulf Lease Sale Draws $279.4 Million in Apparent High Bids,"Asset/portfolio management,Exploration/discoveries,Business/economics",https://jpt.spe.org/us-gulf-lease-sale-draws-279-4-million-in-apparent-high-bids
"The project in the US Gulf is expected to add about 15,000 BOEPD to the deepwater Atlantis project at peak production.",2025-12-12,0,2026-02-16T16:01:04.361890+00:00,"BP,deepwater,field development,Gulf of Mexico,offshore,subsea,tiebacks",BP’s Atlantis Subsea Tieback Project Reaches First Oil,"Field/project development,Offshore/subsea systems,Production,Floating production systems",https://jpt.spe.org/bps-atlantis-subsea-tieback-project-reaches-first-oil
The new development is estimated to hold 46 million bbl of recoverable oil and is planned to start up in late 2028.,2025-12-13,0,2026-02-16T16:01:04.774026+00:00,"Equinor,Var Energi,Norwegian Continental Shelf,Johan Castberg,field development,tiebacks,Barents Sea",Equinor and Partners To Invest $395 Million in First Johan Castberg Tieback,"Field/project development,Offshore/subsea systems",https://jpt.spe.org/equinor-and-partners-to-invest-395-million-in-first-johan-castberg-tieback
The discovery in the Kutei Basin offshore Indonesia is being considered for fast-track development.,2025-12-14,0,2026-02-16T16:01:05.092804+00:00,"Eni,Indonesia,Petronas,discovery,gas discovery,offshore",Eni’s Konta Well Finds Significant Gas in Indonesia,"Exploration/discoveries,Drilling",https://jpt.spe.org/enis-konta-well-finds-significant-gas-in-indonesia
Aurora Innovation and Detmar Logistics have inked a deal for 30 autonomous trucks that will begin hauling sand in the region next year.,2025-12-15,0,2026-02-16T16:01:05.336837+00:00,"Permian Basin,driving,frac sand,automation,emerging technology,safety,innovation",Automated Sand Hauling in the Permian Ready for Public Roads,"HSE & Sustainability,AI/machine learning,Completions,Sand management/control",https://jpt.spe.org/automated-sand-hauling-in-the-permian-ready-for-public-roads
"SPE member Silviu Livescu has been chosen to receive the award in recognition of his groundbreaking contributions to next-generation, low-enthalpy geothermal energy systems, which are enabling widespread, cost-effective building heating and cooling solutions.",2025-12-15,0,2026-02-16T16:01:05.714898+00:00,"SPE News,awards",Silviu Livescu To Receive 2026 Washington Award,"SPE News,Geothermal energy,Sustainability,R&D/innovation",https://jpt.spe.org/silviu-livescu-to-receive-2026-washington-award
"As the year winds down, we’re filled with gratitude for your incredible support and involvement.",2025-12-15,0,2026-02-16T16:01:06.012938+00:00,"SPE News,volunteer",Season’s Greetings From the JPT Editorial Team,SPE News,https://jpt.spe.org/seasons-greetings-from-the-jpt-editorial-team
"This paper presents a robot integrated with a microcontroller that provides multiple functions to help with data logging, analysis, and reporting to identify hazards and improve safety protocols.",2025-12-15,0,2026-02-16T16:01:06.471571+00:00,"robotics,process safety,leak detection,safety,HSE",Advanced Multifunction Autonomous Robot for Gas Detection,"Robotics/unmanned systems,HSE & Sustainability",https://jpt.spe.org/advanced-multifunction-autonomous-robot-for-gas-detection
"As COP30 wrapped up in Brazil, the country finds itself at an inflection point, positioned to deliver South America’s first carbon-dioxide injection by mid-2026.",2025-12-16,0,2026-02-16T16:01:06.970346+00:00,"carbon capture and storage,Brazil,South America,regulations",From Law to Operations: Brazil’s Carbon Capture Framework Advances Toward 2026 Deployment,Carbon capture and storage,https://jpt.spe.org/from-law-to-operations-brazils-carbon-capture-framework-advances-toward-2026-deployment
A field test study examines micro turbine drilling in a clay formation that allows steel casing and formation to be drilled in a single operation.,2025-12-16,0,2026-02-16T16:01:07.293646+00:00,"perforations,coiled tubing,completions",Field Testing of a Novel Micro Turbine Drilling Technology for Drilling Micro Sidetracks From an Existing Borehole Through Casing Into the Surrounding Clay Formation,"Drilling,Coiled tubing",https://jpt.spe.org/field-testing-of-a-novel-micro-turbine-drilling-technology-for-drilling-micro-sidetracks-from-an-existing-borehole-through-casing-into-the-surrounding-clay-formation
This study presents the development of a biodegradable surfactant developed using principles of environmentally friendly chemistry from natural sources. The goal is to develop an effective and environmentally friendly surfactant that can emulsify and disperse oil to reduce its effects on marine environments.,2025-12-03,0,2026-02-16T16:01:08.016115+00:00,"surfactant,spills,environment,HSE",Development of Biodegradable Surfactants for Oil Spill Remediation,"HSE & Sustainability,Environment",https://jpt.spe.org/development-of-biodegradable-surfactants-for-oil-spill-remediation
The research facility said it plans to add multiphase-flow-testing capabilities for heavy oil and different viscosities.,2025-12-04,0,2026-02-16T16:01:08.424801+00:00,"heavy oil,multiphase flow,flow assurance,modeling,Southwest Research Institute",SwRI Upgrades High-Viscosity Flow Loop To Model Multiphase Scenarios,"Separation/treating,Processing systems/design,Flow assurance,Production",https://jpt.spe.org/swri-upgrades-high-viscosity-flow-loop-to-model-multiphase-scenarios
The North Sea Transition Authority has published its first table identifying 13 operators that are behind schedule in decommissioning their inactive North Sea wells.,2025-12-05,0,2026-02-16T16:01:08.882460+00:00,"decommissioning,North Sea,North Sea Transition Authority,plugging and abandonment,regulations",NSTA Names Noncompliant North Sea Operators,"Decommissioning,Asset/portfolio management,Onshore/Offshore Facilities",https://jpt.spe.org/nsta-names-noncompliant-north-sea-operators
SPE CEO Simon Seaton and 2026 SPE President Jennifer Miskimins share a special message to SPE's volunteers on International Volunteer Day.,2025-12-05,0,2026-02-16T16:01:09.171202+00:00,"2026 SPE President,SPE News,volunteer",SPE Recognizes Volunteers on International Volunteer Day,SPE News,https://jpt.spe.org/spe-recognizes-volunteers-on-international-volunteer-day
"Preliminary estimates indicated recoverables of between 30 million and 110 million BOE at the discoveries, which Equinor called its largest of the year.",2025-12-05,0,2026-02-16T16:01:09.464460+00:00,"Equinor,Aker BP,discovery,North Sea,offshore",Equinor Finds More North Sea Oil Near Sleipner,Exploration/discoveries,https://jpt.spe.org/equinor-finds-more-north-sea-oil-near-sleipner
The $100-billion project is widely considered the largest unconventional development outside of the US and is noted by Aramco as the largest nonassociated gas development in the kingdom.,2025-12-08,0,2026-02-16T16:01:09.631310+00:00,"Aramco,Saudi Arabia,shale gas,unconventional resources,unconventional gas",Saudi Aramco Brings Jafurah Unconventional Gas Field Onstream,"Production,Field/project development,Unconventional/complex reservoirs,Processing systems/design",https://jpt.spe.org/saudi-aramco-brings-jafurah-unconventional-gas-field-onstream
The Denver-headquartered shale producer will become a pure-play operator of the Marcellus Shale in West Virginia.,2025-12-09,0,2026-02-16T16:01:09.983681+00:00,"Marcellus,Antero Resources,mergers and acquisitions,Utica shale,West Virginia,natural gas","Antero Resources Announces $2.8-Billion Marcellus Acquisition, Sheds Utica Position","Business/economics,Management,Asset/portfolio management,Midstream",https://jpt.spe.org/antero-resources-announces-2-8-billion-marcellus-acquisition-sheds-utica-position
"Sustainability in reservoir management emerges not from standalone initiatives but from integrated, data-driven workflows, where shared models, closed-loop processes, and AI-enabled insights reduce fragmentation and make sustainable performance a natural outcome.",2025-12-09,0,2026-02-16T16:01:10.231556+00:00,"sustainability,SPE event,data science,artificial intelligence,innovation",Beyond the Buzzwords: A Practical Blueprint for Sustainable Reservoir Management,"Reservoir,Data & Analytics,Sustainability,AI/machine learning",https://jpt.spe.org/beyond-the-buzzwords-a-practical-blueprint-for-sustainable-reservoir-management
"The Distinguished Lecturer program is now accepting nominations for the 2027–2028 season. Nominees typically have at least 10 years of experience in a subject of widespread interest and are nominated by a colleague, acquaintance, or friend.",2025-12-09,0,2026-02-16T16:01:10.687478+00:00,"Distinguished Lecturer,SPE News,volunteer",SPE Distinguished Lecturer Program Seeks Seasoned Professionals With 10-Plus Years of Expertise,SPE News,https://jpt.spe.org/spe-distinguished-lecturer-program-seeks-seasoned-professionals-with-10-plus-years-expertise
The Gorgon Phase 3 project aims to counter declining reservoir pressure to sustain gas supplies to Western Australia’s domestic market and support LNG exports to Asia.,2025-12-10,0,2026-02-16T16:01:11.030377+00:00,"LNG,Chevron,Australia,tiebacks",Chevron Australia and Partners Declare FID on Gorgon Stage 3,"LNG,Field/project development,Offshore/subsea systems,Pipelines/flowlines/risers,Midstream,Drilling",https://jpt.spe.org/chevron-australia-and-partners-declare-fid-on-gorgon-stage-3
The 14 available locations are estimated to be able to provide up to 2 gigatonnes of additional carbon-dioxide storage capacity.,2025-12-10,0,2026-02-16T16:01:11.451578+00:00,"North Sea Transition Authority,carbon capture and storage,decarbonization,Teesside,licensing round",NSTA Launches UK’s Second Carbon-Storage Licensing Round,"Carbon capture and storage,Decarbonization",https://jpt.spe.org/nsta-launches-uks-second-carbon-storage-licensing-round
"First oil is expected from Phase 1 of the project in 2028, with up to four more phases planned.",2025-12-10,0,2026-02-16T16:01:11.915642+00:00,"Falkland Islands,FID,field development,offshore,South America",Rockhopper Exploration and Navitas Petroleum Green-Light Sea Lion Project in Falkland Islands,"Field/project development,Onshore/Offshore Facilities,Floating production systems",https://jpt.spe.org/partners-greenlight-sea-lion-project-in-falkland-islands
"GeoMap Europe is the latest in a series of interactive global geothermal maps that combine large subsurface and surface data sets to highlight where geothermal resources and development opportunities are strongest for power, heat, cooling, and storage.",2025-11-20,0,2026-02-16T16:01:12.245995+00:00,"Europe,Project Innerspace,geothermal energy,data science,innovation",Project InnerSpace Launches GeoMap Europe,"Geothermal energy,Data & Analytics,Environment,R&D/innovation",https://jpt.spe.org/project-innerspace-launches-geomap-europe
Westwood Energy analysts suggest operators have an opportunity to secure rigs at lower rates for their 2027 drilling programs.,2025-11-21,0,2026-02-16T16:01:12.723772+00:00,"drilling rigs,semisubmersible,jackups,deepwater,exploration,FID,offshore,Westwood Global Energy Group",2026 Offshore Challenge: Softening Demand Puts the Brakes on Day Rates,"Drilling,Business/economics,Field/project development,Exploration/discoveries",https://jpt.spe.org/2026-offshore-challenge-softening-demand-puts-the-brakes-on-day-rates
"By resuming work on the Rovuma LNG project, ExxonMobil tees up a final investment decision expected in 2026 as East Africa’s LNG hub begins to take shape with three separate projects now in construction.",2025-11-21,0,2026-02-16T16:01:12.818601+00:00,"Rovuma LNG,ExxonMobil,Eni,TotalEnergies,Mozambique,Africa,floating LNG (FLNG)",ExxonMobil Lifts Force Majeure on Mozambique Megaproject,"Field/project development,LNG",https://jpt.spe.org/exxonmobil-lifts-force-majeure-on-mozambique-megaproject
"Of the total approved by ADNOC’s board, $50 billion will be invested in Canada under a framework agreement targeting projects in AI, energy, and mining.",2025-11-25,0,2026-02-16T16:01:13.385334+00:00,"ADNOC,UAE,Abu Dhabi,Canada,artificial intelligence",ADNOC Board Greenlights $150-Billion Investment,"Business/economics,Exploration/discoveries,Field/project development,Asset/portfolio management,Onshore/Offshore Facilities,Sustainability",https://jpt.spe.org/adnoc-board-greenlights-150-billion-investment
"Alaskan oil is entering a renaissance driven by a predicted 13% upswing in 2026 production, the largest since the 1980s, and a possible reboot of LNG exports to Asia from the Kenai Peninsula, supplied via pipeline from the North Slope.",2025-12-01,0,2026-02-16T16:01:13.742837+00:00,,"Alaska’s Crude Output Surges, Gas To Play Greater Role",,https://jpt.spe.org/alaskas-crude-output-surges-gas-to-play-greater-role-restricted
Technology developers expect the tight-oil industry to give lightweight proppants another look after the Permian Basin’s biggest operator becomes an adopter.,2025-12-01,0,2026-02-16T16:01:14.080414+00:00,,"Is ExxonMobil’s Proprietary Proppant a One-Off Advantage, or Can the Rest of the Unconventional Sector Follow?",,https://jpt.spe.org/is-exxonmobils-proprietary-proppant-a-one-off-advantage-or-can-the-rest-of-the-unconventional-sector-follow-restricted
A new tubing-conveyed tool combines wellbore cleanout with multi-tracer deployment for production diagnostics and reservoir monitoring.,2025-12-01,0,2026-02-16T16:01:14.521353+00:00,"case study,tracers,unconventional resources,well interference,Permian Basin,electrical submersible pumps,monitoring",Case Study: Expanding Flow Diagnostics With Tubing-Conveyed Payload-Deployment Tool for Solid Fluid Tracer Delivery and Wellbore Cleanout,"Production,Completions,Oilfield chemistry,Well intervention,Flow assurance",https://jpt.spe.org/case-study-expanding-flow-diagnostics-with-tubing-conveyed-payload-deployment-tool-for-solid-fluid-tracer-delivery-and-wellbore-cleanout
Data and impartial viewpoints can help de-risk exploration portfolios and keep resource estimates in check.,2025-12-01,0,2026-02-16T16:01:14.794982+00:00,,Optimism Trap: The Dangers of a ‘Can’t Miss’ Mindset,,https://jpt.spe.org/optimism-trap-the-dangers-of-a-cant-miss-mindset-restricted
Updates about global exploration and production activities and developments.,2025-12-01,0,2026-02-16T16:01:15.295955+00:00,"ExxonMobil,QatarEnergy,Talos Energy,Equinor,Petrobras,Chevron,SLB,PTTEP,Campos Basin,Egypt,Gabon,Brazil,Gulf of Mexico,Pakistan,Greece",E&P Notes: December 2025,"Field/project development,Production,Exploration/discoveries,Onshore/Offshore Facilities",https://jpt.spe.org/e-p-notes-december-2025
This paper compares various drainage strategies and well completion configurations on the installation of inflow control technology by considering energy efficiency.,2025-12-01,0,2026-02-16T16:01:15.649129+00:00,"inflow control devices,energy efficiency,completions",Autonomous Inflow Control Technology and Its Effect on Energy Efficiency,"Flow assurance,Completions",https://jpt.spe.org/autonomous-inflow-control-technology-and-its-effect-on-energy-efficiency
"Adura will become the UK North Sea’s largest independent producer by combining 12 key oil and gas assets, employing around 1,200 staff. It aims to produce more than 140,000 BOED in 2026.",2025-12-01,0,2026-02-16T16:01:16.070170+00:00,"Shell,Equinor,North Sea,Scotland",Adura Launches as the UK North Sea’s Largest Independent Producer,"Business/economics,Asset/portfolio management,Onshore/Offshore Facilities",https://jpt.spe.org/adura-launches-as-the-uk-north-seas-largest-independent-producer
"The decision keeps the effective tax rate on upstream projects at 78%, prompting new warnings that investments will continue to dwindle in the UK Continental Shelf.",2025-12-02,0,2026-02-16T16:01:16.487386+00:00,"UK,UK Continental Shelf,regulations,fiscal regimes,Harbour Energy,offshore,Offshore Energies UK",UK Government Keeps Oil and Gas Windfall Tax Until 2030; Trade Groups Warn of a Perilous Spiral,"Production,Onshore/Offshore Facilities,Management,Human resources",https://jpt.spe.org/uk-government-keeps-oil-and-gas-windfall-tax-until-2030-trade-groups-warn-of-a-perilous-spiral
