source,company_name,title,url,excerpt,published_date,scraped_at
OilPrice,BHP,BHP Names Brandon Craig CEO as Mike Henry Steps Down,https://oilprice.com/Company-News/BHP-Names-Brandon-Craig-CEO-as-Mike-Henry-Steps-Down.html,"BHP has appointed Brandon Craig as chief executive officer and a director, effective July 1, 2026, replacing Mike Henry after more than six years in the top job.…",2026-03-18,2026-03-18T15:05:34.644808+00:00
OilPrice,Woodside Energy,Woodside Names Liz Westcott CEO After Internal Succession Push,https://oilprice.com/Company-News/Woodside-Names-Liz-Westcott-CEO-After-Internal-Succession-Push.html,"Woodside Energy has confirmed the appointment of Elizabeth “Liz” Westcott as CEO and Managing Director, formalizing her leadership after serving in an acting capacity since December 2025. The…",2026-03-17,2026-03-18T15:05:34.645715+00:00
OilPrice,Petrobras,Petrobras Moves to Buy Petronas Stake in Campos Basin Offshore Fields,https://oilprice.com/Company-News/Petrobras-Moves-to-Buy-Petronas-Stake-in-Campos-Basin-Offshore-Fields.html,Petrobras has exercised its right of first refusal to acquire Petronas Petróleo Brasil’s 50% stake in the Tartaruga Verde field and the Espadarte Module III development in Brazil’s…,2026-03-16,2026-03-18T15:05:34.646207+00:00
OilPrice,BP,BP Backs Angola Gas Start-Up as Quiluma Field Begins Production,https://oilprice.com/Company-News/BP-Backs-Angola-Gas-Start-Up-as-Quiluma-Field-Begins-Production.html,"BP has confirmed the start-up of gas production from the Quiluma field, part of the New Gas Consortium project in Angola, in a move that…",2026-03-16,2026-03-18T15:05:34.646712+00:00
OilPrice,Eni,Eni Strikes Over 1 Tcf of Gas in Offshore Libya,https://oilprice.com/Company-News/Eni-Strikes-Over-1-Tcf-of-Gas-in-Offshore-Libya.html,"Italy’s Eni has announced two new offshore natural gas discoveries in Libya, potentially strengthening supplies to…",2026-03-16,2026-03-18T15:05:34.647181+00:00
OilPrice,TotalEnergies,TotalEnergies Cuts Output as Middle East Conflict Hits Gulf Assets,https://oilprice.com/Company-News/TotalEnergies-Cuts-Output-as-Middle-East-Conflict-Hits-Gulf-Assets.html,…,2026-03-15,2026-03-18T15:05:34.647665+00:00
OilPrice,Petrobras,Petrobras Joins Brazil’s Diesel Subsidy Program to Stabilize Prices,https://oilprice.com/Company-News/Petrobras-Joins-Brazils-Diesel-Subsidy-Program-to-Stabilize-Prices.html,Brazil’s state-controlled oil major Petrobras said its board has approved the company’s participation in a government subsidy program designed to support the commercialization of road…,2026-03-13,2026-03-18T15:05:34.648115+00:00
OilPrice,TotalEnergies,TotalEnergies Restarts Libya’s Mabruk Oil Field After Decade-Long Halt,https://oilprice.com/Company-News/TotalEnergies-Restarts-Libyas-Mabruk-Oil-Field-After-Decade-Long-Halt.html,"TotalEnergies has restarted production at Libya’s Mabruk oil field after more than a decade of inactivity, restoring output from an onshore asset that had been offline since 2015…",2026-03-12,2026-03-18T15:05:34.648613+00:00
OilPrice,Maurel & Prom,Maurel & Prom Sales Fall as Lower Oil Prices Weigh on 2025 Results,https://oilprice.com/Company-News/Maurel-Prom-Sales-Fall-as-Lower-Oil-Prices-Weigh-on-2025-Results.html,"French oil and gas company Maurel & Prom reported a sharp decline in revenue in 2025 as weaker crude prices weighed on its financial results,…",2026-03-12,2026-03-18T15:05:34.649062+00:00
OilPrice,Equinor,Equinor Signs Bio-Methanol Supply Deal With Wallenius Wilhelmsen,https://oilprice.com/Company-News/Equinor-Signs-Bio-Methanol-Supply-Deal-With-Wallenius-Wilhelmsen.html,Equinor has signed a two-year agreement to supply bio-methanol to Wallenius Wilhelmsen for use as marine bunker fuel in the shipping company’s upcoming dual-fuel methanol vessels.,2026-03-11,2026-03-18T15:05:34.649562+00:00
OilPrice,Equinor,Equinor Makes Two Commercial Oil and Gas Discoveries in the North Sea,https://oilprice.com/Company-News/Equinor-Makes-Two-Commercial-Oil-and-Gas-Discoveries-in-the-North-Sea.html,"Equinor has announced two commercial hydrocarbon discoveries in the North Sea, reinforcing the role of near-field exploration in sustaining production from mature areas of the Norwegian continental shelf.…",2026-03-11,2026-03-18T15:05:34.649998+00:00
OilPrice,ExxonMobil,ExxonMobil Board Backs Plan to Shift Legal Domicile to Texas,https://oilprice.com/Company-News/ExxonMobil-Board-Backs-Plan-to-Shift-Legal-Domicile-to-Texas.html,"ExxonMobil’s board of directors has unanimously recommended that shareholders approve a proposal to move the company’s legal domicile from New Jersey to Texas, a shift…",2026-03-10,2026-03-18T15:05:34.650529+00:00
OilPrice,HELLENiQ ENERGY,HELLENiQ ENERGY Launches First Solar Parks in Romania,https://oilprice.com/Company-News/HELLENiQ-ENERGY-Launches-First-Solar-Parks-in-Romania.html,"HELLENiQ ENERGY has launched its first operational renewable energy projects in Romania, marking a milestone in…",2026-03-10,2026-03-18T15:05:34.650980+00:00
OilPrice,GeoPark,GeoPark Declines to Raise Bid for Frontera’s Colombian Oil Assets,https://oilprice.com/Company-News/GeoPark-Declines-to-Raise-Bid-for-Fronteras-Colombian-Oil-Assets.html,"GeoPark Limited has opted not to raise its offer for Frontera Energy’s Colombian exploration and production assets, stepping back from the transaction after a competing proposal from Parex…",2026-03-09,2026-03-18T15:05:34.651435+00:00
OilPrice,Shell,Shell to Sell Jiffy Lube Network to Monomoy in $1.3 Billion Deal,https://oilprice.com/Company-News/Shell-to-Sell-Jiffy-Lube-Network-to-Monomoy-in-13-Billion-Deal.html,"Shell plc (NYSE: SHEL) has agreed to sell Jiffy Lube International and its subsidiary Premium Velocity Auto (PVA) to an affiliate of Monomoy Capital Partners for $1.3 billion,…",2026-03-09,2026-03-18T15:05:34.651888+00:00
OilPrice,Chevron,Chevron Warns California Cap-and-Invest Changes Threaten Energy Supply,https://oilprice.com/Company-News/Chevron-Warns-California-Cap-and-Invest-Changes-Threaten-Energy-Supply.html,"Chevron is urging California officials to reconsider proposed amendments to the state’s Cap-and-Invest (C&I) carbon market program, arguing that the changes could increase fuel costs, accelerate refinery closures,…",2026-03-09,2026-03-18T15:05:34.652324+00:00
OilPrice,Bapco Energies,Bapco Energies Declares Force Majeure After Refinery Attack,https://oilprice.com/Company-News/Bapco-Energies-Declares-Force-Majeure-After-Refinery-Attack.html,Bahrain’s state-owned energy firm Bapco Energies has declared a force majeure across its group operations following an attack on its refinery complex amid escalating regional tensions in the…,2026-03-09,2026-03-18T15:05:34.652776+00:00
OilPrice,Santos,Santos Approves Cooper Basin Optimization Project to Cut Costs,https://oilprice.com/Company-News/Santos-Approves-Cooper-Basin-Optimization-Project-to-Cut-Costs.html,"Santos has taken a final investment decision on the Moomba Central Optimisation project in the Cooper Basin to modernize infrastructure, reduce costs, and unlock future production growth.",2026-03-08,2026-03-18T15:05:34.653204+00:00
OilPrice,Holyvolt & Wildcat Discovery Technologies,Battery Innovation Accelerates as Holyvolt Buys Wildcat in $73M Deal,https://oilprice.com/Company-News/Battery-Innovation-Accelerates-as-Holyvolt-Buys-Wildcat-in-73M-Deal.html,…,2026-03-05,2026-03-18T15:05:34.653676+00:00
OilPrice,Eni,Eni Boosts Stake in Algeria’s Touat Gas Field After Engie Exit,https://oilprice.com/Company-News/Eni-Boosts-Stake-in-Algerias-Touat-Gas-Field-After-Engie-Exit.html,"Italy’s Eni has strengthened its position in Algeria’s onshore Touat natural gas field following the complete exit of France’s Engie, according to an Algerian presidential…",2026-03-02,2026-03-18T15:05:34.654109+00:00
OilPrice,Fugro,Fugro CFO Barbara Geelen to Step Down After 2026 AGM,https://oilprice.com/Company-News/Fugro-CFO-Barbara-Geelen-to-Step-Down-After-2026-AGM.html,"Dutch geodata and offshore services firm Fugro said Friday that Geelen will leave the Board of Management at the close of the upcoming AGM, marking the end of…",2026-02-27,2026-03-18T15:05:35.009036+00:00
OilPrice,TotalEnergies,TotalEnergies Signs 20-Year Deal for Alaska LNG Supply,https://oilprice.com/Company-News/TotalEnergies-Signs-20-Year-Deal-for-Alaska-LNG-Supply.html,"TotalEnergies has signed a preliminary 20-year agreement to purchase 2 million tons per year of LNG from the proposed Alaska LNG project, reinforcing its position as the largest…",2026-02-26,2026-03-18T15:05:35.009624+00:00
OilPrice,Eni,Eni Lifts Buybacks as 2025 Profit Beats Expectations,https://oilprice.com/Company-News/Eni-Lifts-Buybacks-as-2025-Profit-Beats-Expectations.html,"Eni closed 2025 with stronger-than-expected fourth-quarter earnings, robust cash flow, and lower leverage, as upstream production growth and disciplined capital allocation offset a softer oil price environment.",2026-02-26,2026-03-18T15:05:35.010066+00:00
OilPrice,ENGIE,ENGIE Posts €4.9 Billion Recurring Profit in 2025,https://oilprice.com/Company-News/ENGIE-Posts-49-Billion-Recurring-Profit-in-2025.html,"ENGIE reported another year of solid performance in 2025, with results at the upper end of its guidance range and a proposed dividend increase, as…",2026-02-25,2026-03-18T15:05:35.010524+00:00
OilPrice,Nordex SE,Nordex Posts Record Orders and Profit Surge in Strong 2025 Finish,https://oilprice.com/Company-News/Nordex-Posts-Record-Orders-and-Profit-Surge-in-Strong-2025-Finish.html,"Nordex delivered record order intake and sharply higher profitability in 2025, prompting the company to raise its medium-term EBITDA margin target to 10–12 percent. Nordex SE…",2026-02-25,2026-03-18T15:05:35.010961+00:00
OilPrice,EOG Resources,EOG Reports 4Q Earnings and Details $6.5 Billion 2026 Capital Plan,https://oilprice.com/Company-News/EOG-Reports-4Q-Earnings-and-Details-65-Billion-2026-Capital-Plan.html,"For the fourth quarter, EOG posted net income of $701 million, or $1.30 per share, compared with $1.25 billion, or $2.23 per share, in the…",2026-02-24,2026-03-18T15:05:35.011426+00:00
OilPrice,First Solar,"First Solar Sees Record 2025 Profit, Guides Steady 2026 Sales",https://oilprice.com/Company-News/First-Solar-Sees-Record-2025-Profit-Guides-Steady-2026-Sales.html,"First Solar reported record 2025 earnings and set 2026 guidance projecting up to $5.2 billion in sales, underpinned by U.S. manufacturing expansion and federal production tax credits.",2026-02-24,2026-03-18T15:05:35.011847+00:00
OilPrice,Woodside Energy Group,Woodside Posts $2.7 Billion Profit as LNG Growth Projects Advance,https://oilprice.com/Company-News/Woodside-Posts-27-Billion-Profit-as-LNG-Growth-Projects-Advance.html,"Woodside Energy Group reported net profit after tax of $2.7 billion for 2025, with underlying NPAT of $2.6 billion, as record output and resilient operating performance offset a…",2026-02-24,2026-03-18T15:05:35.012272+00:00
OilPrice,Diamondback Energy,Diamondback Lifts Dividend After $5.9B Free Cash Flow in 2025,https://oilprice.com/Company-News/Diamondback-Lifts-Dividend-After-59B-Free-Cash-Flow-in-2025.html,…,2026-02-23,2026-03-18T15:05:35.012710+00:00
OilPrice,EnQuest,EnQuest Guides Stable 2026 Output After Strong 2025 Delivery,https://oilprice.com/Company-News/EnQuest-Guides-Stable-2026-Output-After-Strong-2025-Delivery.html,"EnQuest exceeded its 2025 production guidance and reduced costs below forecast, while guiding broadly stable to slightly lower output in 2026 following weather-related disruptions in the UK North…",2026-02-23,2026-03-18T15:05:35.013128+00:00
OilPrice,Ampol,Ampol Profit Surges as Lytton Rebounds and EG Deal Advances,https://oilprice.com/Company-News/Ampol-Profit-Surges-as-Lytton-Rebounds-and-EG-Deal-Advances.html,Ampol reported a 32% jump in replacement cost operating profit (RCOP) EBIT for 2025 as improved refining margins and retail resilience drove earnings growth across its core businesses.…,2026-02-22,2026-03-18T15:05:35.013570+00:00
OilPrice,Consolidated Edison,Con Edison Earnings Climb as Infrastructure Spend Ramps Up,https://oilprice.com/Company-News/Con-Edison-Earnings-Climb-as-Infrastructure-Spend-Ramps-Up.html,"Consolidated Edison posted net income for common stock of $2.02 billion, or $5.66 per share, for 2025, up from $1.82 billion, or $5.26 per share,…",2026-02-19,2026-03-18T15:05:35.014007+00:00
OilPrice,Alliant Energy,Alliant Energy to Boost Capital Spending After 2025 Profit Growth,https://oilprice.com/Company-News/Alliant-Energy-to-Boost-Capital-Spending-After-2025-Profit-Growth.html,"Alliant Energy said 2025 GAAP EPS rose to $3.14 from $2.69 in 2024, while ongoing (non-GAAP) EPS increased to $3.22 from $3.04, representing 6% growth. The company affirmed…",2026-02-19,2026-03-18T15:05:35.014444+00:00
OilPrice,YPF,YPF Doubles Down on Vaca Muerta Despite Oil Price Risks,https://oilprice.com/Company-News/YPF-Doubles-Down-on-Vaca-Muerta-Despite-Oil-Price-Risks.html,"Argentina’s state-controlled energy company YPF SA is preparing to maintain heavy investment in the Vaca Muerta shale basin even if oil prices fall this year, as President Javier…",2026-02-19,2026-03-18T15:05:35.014881+00:00
OilPrice,Repsol,Repsol Plans to Triple Venezuela Output After Securing U.S. Approval,https://oilprice.com/Company-News/Repsol-Plans-to-Triple-Venezuela-Output-After-Securing-US-Approval.html,Spanish energy company Repsol plans to sharply expand its oil production in Venezuela after receiving authorization from the U.S. Treasury to operate in the country. Chief…,2026-02-19,2026-03-18T15:05:35.015299+00:00
OilPrice,Centrica,Centrica Earnings Slide as Investments Drive Strategic Reset,https://oilprice.com/Company-News/Centrica-Earnings-Slide-as-Investments-Drive-Strategic-Reset.html,Centrica plc posted lower earnings in 2025 but raised its dividend and pressed ahead with major investments as it targets a step-up in EBITDA by 2030.,2026-02-19,2026-03-18T15:05:35.015765+00:00
OilPrice,Edison International,Edison International Posts Strong 2025 and Sets 2026–2027 EPS Targets,https://oilprice.com/Company-News/Edison-International-Posts-Strong-2025-and-Sets-20262027-EPS-Targets.html,"Edison International delivered a surge in 2025 earnings and rolled out new core EPS guidance for 2026 and 2027, reinforcing its outlook for 5–7% annual…",2026-02-18,2026-03-18T15:05:35.016213+00:00
OilPrice,Occidental Petroleum,Occidental Cuts Debt and Lifts Dividend After OxyChem Sale,https://oilprice.com/Company-News/Occidental-Cuts-Debt-and-Lifts-Dividend-After-OxyChem-Sale.html,"Occidental Petroleum posted a net loss of $68 million, or $0.07 per diluted share, for the fourth quarter of 2025, compared with adjusted earnings of…",2026-02-18,2026-03-18T15:05:35.016679+00:00
OilPrice,Santos,Santos Flags 10% Job Cuts as Free Cash Flow Hits $1.8B,https://oilprice.com/Company-News/Santos-Flags-10-Job-Cuts-as-Free-Cash-Flow-Hits-18B.html,"Santos will cut around 10% of its workforce as it transitions major growth projects into steady-state operations, even as the company reported $1.8 billion in free cash flow…",2026-02-17,2026-03-18T15:05:35.017101+00:00
OilPrice,Adani Group,Adani Unveils $100B Plan for Green-Powered AI Infrastructure,https://oilprice.com/Company-News/Adani-Unveils-100B-Plan-for-Green-Powered-AI-Infrastructure.html,"Adani Group has committed $100 billion to develop a renewable-energy-powered, hyperscale AI data center platform across India by 2035, aiming to anchor a $250 billion…",2026-02-17,2026-03-18T15:05:35.017536+00:00
OilPrice,Santos,Australian Court Dismisses Climate Case Against Santos,https://oilprice.com/Company-News/Australian-Court-Dismisses-Climate-Case-Against-Santos.html,Santos Limited has secured a legal victory after the Full Federal Court of Australia dismissed a climate-related case challenging aspects of its past disclosures and ordered costs in…,2026-02-16,2026-03-18T15:05:35.513672+00:00
OilPrice,Eni,Eni Makes Major Gas Discovery Offshore Côte d’Ivoire,https://oilprice.com/Company-News/Eni-Makes-Major-Gas-Discovery-Offshore-Cte-dIvoire.html,"Eni has announced a significant gas and condensate discovery at its Murene South-1X well in Block CI-501 offshore Côte d’Ivoire, confirming the broader potential of the Calao channel…",2026-02-16,2026-03-18T15:05:35.514242+00:00
OilPrice,Chevron,Chevron Secures Offshore Greece Leases in Med Expansion Push,https://oilprice.com/Company-News/Chevron-Secures-Offshore-Greece-Leases-in-Med-Expansion-Push.html,"Chevron has signed lease agreements with Greece for four offshore exploration blocks, expanding its footprint in the Eastern Mediterranean and reinforcing its regional growth strategy.…",2026-02-16,2026-03-18T15:05:35.514709+00:00
OilPrice,Eni,Eni Confirms 500-Million-Barrel Oil Discovery Offshore Angola,https://oilprice.com/Company-News/Eni-Confirms-500-Million-Barrel-Oil-Discovery-Offshore-Angola.html,"Eni has confirmed a significant offshore oil discovery in Angola’s Block 15/06, with preliminary estimates pointing to around 500 million barrels of oil in place, strengthening the country’s…",2026-02-15,2026-03-18T15:05:35.515146+00:00
OilPrice,Aramco,Aramco and Microsoft Deepen Industrial AI Push in Saudi Arabia,https://oilprice.com/Company-News/Aramco-and-Microsoft-Deepen-Industrial-AI-Push-in-Saudi-Arabia.html,,2026-02-12,2026-03-18T15:05:35.515641+00:00
OilPrice,"MOL, Repsol. TPAO",MOL Expands Into Libya With Repsol and TPAO in Offshore Exploration Push,https://oilprice.com/Company-News/MOL-Expands-Into-Libya-With-Repsol-and-TPAO-in-Offshore-Exploration-Push.html,"Hungary’s MOL Group is entering Libya’s upstream sector through a joint offshore exploration venture with Repsol and Türkiye Petrolleri A.O., marking its latest move to expand its international…",2026-02-11,2026-03-18T15:05:35.516069+00:00
OilPrice,Aramco,Aramco Expands “Made in Saudi” Push With New 2030 Target,https://oilprice.com/Company-News/Aramco-Expands-Made-in-Saudi-Push-With-New-2030-Target.html,Saudi Aramco has reached its 70% local content target under its flagship In-Kingdom Total Value Add (iktva) program and now aims to lift that figure to 75% by…,2026-02-11,2026-03-18T15:05:35.516529+00:00
OilPrice,Santos,Santos Reports Stable 2P Reserves and Boosts CCS Resources,https://oilprice.com/Company-News/Santos-Reports-Stable-2P-Reserves-and-Boosts-CCS-Resources.html,"Santos Limited (ASX: STO) closed 2025 with proved plus probable (2P) reserves of 1,484 million barrels of oil equivalent (mmboe), reflecting modest organic additions offsetting annual production and…",2026-02-11,2026-03-18T15:05:35.516953+00:00
OilPrice,Generac,Generac Swings to Q4 Loss as Data Center Sales Surge,https://oilprice.com/Company-News/Generac-Swings-to-Q4-Loss-as-Data-Center-Sales-Surge.html,"Generac Holdings Inc. (NYSE: GNRC) swung to a fourth-quarter loss after booking a sizable legal settlement charge, but accelerating data center demand and expectations of a normalization in outage activity…",2026-02-11,2026-03-18T15:05:35.517404+00:00
OilPrice,Mercuria & Raizen,Mercuria Nears $1 Billion Deal for Raízen’s Argentine Refining and Retail Assets,https://oilprice.com/Company-News/Mercuria-Nears-1-Billion-Deal-for-Razens-Argentine-Refining-and-Retail-Assets.html,"Swiss-based commodities and energy trading house Mercuria Energy Group is moving closer to acquiring a refinery and hundreds of fuel retail stations in Argentina from struggling Brazilian biofuels producer Raízen,…",2026-02-10,2026-03-18T15:05:35.517853+00:00
OilPrice,Duke Energy,Duke Energy Beats 2025 EPS Guidance and Extends Growth Outlook Through 2030,https://oilprice.com/Company-News/Duke-Energy-Beats-2025-EPS-Guidance-and-Extends-Growth-Outlook-Through-2030.html,"Duke Energy reported full-year 2025 adjusted earnings per share of $6.31, finishing above the midpoint of its guidance range and marking a year-over-year increase from $5.90 on an…",2026-02-10,2026-03-18T15:05:35.518282+00:00
OilPrice,EQV Ventures Acquisition Corp.,Presidio Sets $1.35 Dividend Plan Ahead of EQV Merger,https://oilprice.com/Company-News/Presidio-Sets-135-Dividend-Plan-Ahead-of-EQV-Merger.html,"Presidio Investment Holdings has unveiled a fixed dividend framework centered on steady cash returns, reinforcing its pitch to public market investors ahead of its planned…",2026-02-10,2026-03-18T15:05:35.518746+00:00
OilPrice,Transocean,Transocean to Buy Valaris in $5.8 Billion All-Stock Offshore Drilling Merger,https://oilprice.com/Company-News/Transocean-to-Buy-Valaris-in-58-Billion-All-Stock-Offshore-Drilling-Merger.html,"Transocean Ltd. has signed a definitive agreement to acquire rival offshore driller Valaris Limited in an all-stock transaction valued at roughly $5.8 billion, combining two…",2026-02-09,2026-03-18T15:05:35.519164+00:00
OilPrice,VinFast Auto Ltd.,"VinFast Targets 300,000 EV Deliveries in 2026 and Sets March Earnings Date",https://oilprice.com/Company-News/VinFast-Targets-300000-EV-Deliveries-in-2026-and-Sets-March-Earnings-Date.html,"VinFast Auto Ltd. has issued its first formal outlook for 2026, projecting global electric vehicle deliveries of 300,000 units as it builds on what it…",2026-02-09,2026-03-18T15:05:35.519642+00:00
OilPrice,TotalEnergies,TotalEnergies to Supply 1 GW of Solar Power to Google Data Centers in Texas,https://oilprice.com/Company-News/TotalEnergies-to-Supply-1-GW-of-Solar-Power-to-Google-Data-Centers-in-Texas.html,TotalEnergies has signed two long-term power purchase agreements (PPAs) with Google to supply a combined 1 gigawatt (GW) of solar capacity to the tech giant’s…,2026-02-09,2026-03-18T15:05:35.520064+00:00
OilPrice,TotalEnergies,TotalEnergies Expands Namibia Footprint With New Operated Offshore License,https://oilprice.com/Company-News/TotalEnergies-Expands-Namibia-Footprint-With-New-Operated-Offshore-License.html,TotalEnergies has signed agreements to acquire a 42.5% operated interest in the PEL104 exploration license offshore Namibia from Eight Offshore Investments Holdings and Maravilla Oil…,2026-02-06,2026-03-18T15:05:35.520538+00:00
OilPrice,Chevron,Chevron Reshuffles Top Leadership as Senior Executives Announce Retirements,https://oilprice.com/Company-News/Chevron-Reshuffles-Top-Leadership-as-Senior-Executives-Announce-Retirements.html,"Chevron Corporation on Thursday announced a series of senior leadership changes that will reshape key parts of its executive team over the next year, reflecting both…",2026-02-05,2026-03-18T15:05:35.520973+00:00
OilPrice,ConocoPhillips,ConocoPhillips Posts Lower 2025 Earnings but Keeps $12 Billion 2026 Capex Plan,https://oilprice.com/Company-News/ConocoPhillips-Posts-Lower-2025-Earnings-but-Keeps-12-Billion-2026-Capex-Plan.html,"ConocoPhillips reported fourth-quarter 2025 earnings of $1.4 billion ($1.17/share) versus $2.3 billion ($1.90/share) a year earlier, and adjusted earnings of $1.3 billion ($1.02/share) versus $2.4…",2026-02-05,2026-03-18T15:05:35.521410+00:00
OilPrice,Metlen,Metlen Sells 283-MW U.K. Solar Portfolio to Schroders Greencoat,https://oilprice.com/Company-News/Metlen-Sells-283-MW-UK-Solar-Portfolio-to-Schroders-Greencoat.html,"Metlen Energy & Metals has entered into an agreement with Schroders Greencoat for the sale of a 283-megawatt solar photovoltaic portfolio in the United Kingdom,…",2026-02-04,2026-03-18T15:05:35.521841+00:00
OilPrice,Equinor,Equinor Reports Lower Q4 Earnings as Record Production Supports Cash Flow,https://oilprice.com/Company-News/Equinor-Reports-Lower-Q4-Earnings-as-Record-Production-Supports-Cash-Flow.html,"Equinor posted lower earnings in the fourth quarter of 2025 compared with a year earlier, reflecting weaker liquids prices and impairment charges, even as the Norwegian energy major…",2026-02-04,2026-03-18T15:05:35.522252+00:00
OilPrice,Chevron,"Chevron, Equatorial Guinea Sign Aseng Deal to Boost State Gas Participation",https://oilprice.com/Company-News/Chevron-Equatorial-Guinea-Sign-Aseng-Deal-to-Boost-State-Gas-Participation.html,"Equatorial Guinea has signed a Heads of Agreement with Chevron to finance a major expansion of state participation in the Aseng Gas Project, marking a strategic step in…",2026-02-03,2026-03-18T15:05:36.009598+00:00
OilPrice,Tecnimont & BakerHughes,Tecnimont and Baker Hughes Team Up on Modular LNG Projects,https://oilprice.com/Company-News/Tecnimont-and-Baker-Hughes-Team-Up-on-Modular-LNG-Projects.html,"Italy’s MAIRE Group said its engineering arm Tecnimont has signed a memorandum of understanding with U.S. energy technology company Baker Hughes to collaborate on modular, scalable liquefied natural…",2026-02-03,2026-03-18T15:05:36.010128+00:00
OilPrice,Saudi Aramco,Saudi Aramco Completes $4 Billion Bond Sale With Strong Investor Demand,https://oilprice.com/Company-News/Saudi-Aramco-Completes-4-Billion-Bond-Sale-With-Strong-Investor-Demand.html,"Saudi Aramco has finalized a $4 billion bond issuance under its Global Medium Term Note Program, highlighting the oil giant’s continued ability to raise capital on favorable terms…",2026-02-03,2026-03-18T15:05:36.010596+00:00
OilPrice,Eni,"Eni and Q8 Back €500,000-Tonne Biorefinery Project in Sicily",https://oilprice.com/Company-News/Eni-and-Q8-Back-500000-Tonne-Biorefinery-Project-in-Sicily.html,"Italy’s energy major Eni and Q8 Italy, part of Kuwait Petroleum Corporation (KPC), have formally approved a strategic joint investment to construct and operate a…",2026-02-03,2026-03-18T15:05:36.011034+00:00
OilPrice,Equinor,Equinor Sells Vaca Muerta Onshore Assets in $1.1 Billion Deal With Vista,https://oilprice.com/Company-News/Equinor-Sells-Vaca-Muerta-Onshore-Assets-in-11-Billion-Deal-With-Vista.html,Norway’s Equinor has agreed to divest its entire onshore portfolio in Argentina’s prolific Vaca Muerta basin to Vista Energy in a transaction valued at roughly…,2026-02-02,2026-03-18T15:05:36.011529+00:00
OilPrice,MOL & NOC,Hungary’s MOL Signs Broad Energy Cooperation Pact With Libya’s NOC,https://oilprice.com/Company-News/Hungarys-MOL-Signs-Broad-Energy-Cooperation-Pact-With-Libyas-NOC.html,"Hungary’s MOL Group has signed a new strategic partnership with Libya’s National Oil Corporation (NOC), marking a fresh step in the company’s push to expand its international upstream…",2026-01-30,2026-03-18T15:05:36.011962+00:00
OilPrice,Octopus Energy,Octopus Energy Enters China With PCG Power Green Trading Joint Venture,https://oilprice.com/Company-News/Octopus-Energy-Enters-China-With-PCG-Power-Green-Trading-Joint-Venture.html,"Octopus Energy Group has announced a major joint venture with China’s PCG Power, marking the UK firm’s formal entry into the world’s largest clean energy…",2026-01-30,2026-03-18T15:05:36.012405+00:00
OilPrice,Petronas,"Petronas Maps Heavy Upstream, LNG, and CCS Push Through 2028",https://oilprice.com/Company-News/Petronas-Maps-Heavy-Upstream-LNG-and-CCS-Push-Through-2028.html,"Malaysia’s national oil company, Petronas, has laid out an expansive three-year activity roadmap that reinforces its commitment to domestic oil and gas production, liquefied natural…",2026-01-29,2026-03-18T15:05:36.012828+00:00
OilPrice,Lukoil,Lukoil Agrees Deal With Carlyle to Sell International Assets Unit,https://oilprice.com/Company-News/Lukoil-Agrees-Deal-With-Carlyle-to-Sell-International-Assets-Unit.html,"Lukoil has reached an agreement with U.S. investment firm Carlyle on the sale of Lukoil International GmbH, the holding company that owns the group’s non-Russian…",2026-01-29,2026-03-18T15:05:36.013251+00:00
OilPrice,ADNOC,ADNOC and TAQA Seal 27-Year Utilities Deal for Ruwais Chemicals Hub,https://oilprice.com/Company-News/ADNOC-and-TAQA-Seal-27-Year-Utilities-Deal-for-Ruwais-Chemicals-Hub.html,ADNOC and Abu Dhabi National Energy Company PJSC (TAQA) have entered into a 27-year Utilities Purchase Agreement that will underpin the development of the TA’ZIZ Industrial Chemicals Zone…,2026-01-28,2026-03-18T15:05:36.013724+00:00
OilPrice,LG Energy Solution,LG Energy Solution Bets on ESS Growth as EV Slowdown Pressures Profits,https://oilprice.com/Company-News/LG-Energy-Solution-Bets-on-ESS-Growth-as-EV-Slowdown-Pressures-Profits.html,"LG Energy Solution closed 2025 facing a sharp divergence between its electric vehicle (EV) and energy storage system businesses, with slowing EV demand, particularly in North America, dragging…",2026-01-28,2026-03-18T15:05:36.014143+00:00
OilPrice,SLB,SLB Secures Five-Year Technology Deals in Oman’s Largest Oil Concession,https://oilprice.com/Company-News/SLB-Secures-Five-Year-Technology-Deals-in-Omans-Largest-Oil-Concession.html,"Global energy technology firm SLB has secured two five-year contracts from Petroleum Development Oman (PDO), strengthening its role in one of the Middle East’s most strategically important upstream…",2026-01-28,2026-03-18T15:05:36.014592+00:00
OilPrice,Chevron,Chevron Adds Former American Airlines CEO Its Board,https://oilprice.com/Company-News/Chevron-Adds-Former-American-Airlines-CEO-Its-Board.html,"Chevron Corporation has named Thomas W. Horton as a new independent member of its board of directors, appointing him to the board’s audit committee in…",2026-01-27,2026-03-18T15:05:36.015010+00:00
OilPrice,TotalEnergies,TotalEnergies Signs 10-Year Clean Power Deal With Paper Maker SWM in France,https://oilprice.com/Company-News/TotalEnergies-Signs-10-Year-Clean-Power-Deal-With-Paper-Maker-SWM-in-France.html,"TotalEnergies has signed a 10-year contract to supply 800 GWh of renewable electricity with a constant delivery profile to SWM, a major global paper and fiber-based materials producer.…",2026-01-27,2026-03-18T15:05:36.015471+00:00
OilPrice,Woodside Energy,Woodside Delivers Record Output in 2025 Despite Softer Fourth Quarter,https://oilprice.com/Company-News/Woodside-Delivers-Record-Output-in-2025-Despite-Softer-Fourth-Quarter.html,"Woodside Energy closed 2025 with record annual production of 198.8 million barrels of oil equivalent, beating guidance and underpinned by strong offshore oil performance and exceptional LNG reliability, while its…",2026-01-27,2026-03-18T15:05:36.015898+00:00
OilPrice,Ørsted,Ørsted Welcomes North Sea Pact Targeting 300 GW of Offshore Wind by 2050,https://oilprice.com/Company-News/rsted-Welcomes-North-Sea-Pact-Targeting-300-GW-of-Offshore-Wind-by-2050.html,"Ørsted has welcomed a newly signed Joint Offshore Wind Investment Pact for the North Seas, calling the agreement a major step toward accelerating offshore wind deployment and stabilising…",2026-01-26,2026-03-18T15:05:36.016379+00:00
OilPrice,ExxonMobil,ExxonMobil Doubles Down on Carbon Capture and Storage,https://oilprice.com/Company-News/ExxonMobil-Doubles-Down-on-Carbon-Capture-and-Storage.html,"ExxonMobil is doubling down on carbon capture and storage (CCS) along the U.S. Gulf Coast, laying out a faster ramp in project activity after a milestone-heavy 2025 that…",2026-01-26,2026-03-18T15:05:36.016825+00:00
OilPrice,Santos,Santos Ships First LNG Cargo From Barossa Project to Japan,https://oilprice.com/Company-News/Santos-Ships-First-LNG-Cargo-From-Barossa-Project-to-Japan.html,"Santos has loaded and shipped the first liquefied natural gas (LNG) cargo from the Barossa LNG project, a major milestone for one of Australia’s most…",2026-01-26,2026-03-18T15:05:36.017241+00:00
OilPrice,TotalEnergies,TotalEnergies Secures Extension of Libya’s Waha Oil Concessions to 2050,https://oilprice.com/Company-News/TotalEnergies-Secures-Extension-of-Libyas-Waha-Oil-Concessions-to-2050.html,"TotalEnergies has signed an agreement extending the Waha oil concessions in Libya through December 31, 2050, securing a long-term foothold in one of the country’s…",2026-01-26,2026-03-18T15:05:36.017879+00:00
OilPrice,TEPCO,TEPCO Targets $20 Billion Cost Cuts as Fukushima Risks Force Strategic Reset,https://oilprice.com/Company-News/TEPCO-Targets-20-Billion-Cost-Cuts-as-Fukushima-Risks-Force-Strategic-Reset.html,"Tokyo Electric Power Company Holdings (TEPCO) has unveiled its Fifth Comprehensive Special Business Plan, placing Fukushima Daiichi decommissioning at the center of its strategy while…",2026-01-25,2026-03-18T15:05:36.513051+00:00
OilPrice,Baker Hughes,Baker Hughes Posts Record Backlog as LNG and Power Orders Lift 2025 Results,https://oilprice.com/Company-News/Baker-Hughes-Posts-Record-Backlog-as-LNG-and-Power-Orders-Lift-2025-Results.html,"Baker Hughes reported fourth-quarter and full-year 2025 results showing steady top-line performance but improving cash generation and stronger long-cycle visibility, driven primarily by its Industrial & Energy Technology…",2026-01-25,2026-03-18T15:05:36.513621+00:00
OilPrice,Eni,Eni Sells 10% Stake in Ivory Coast’s Baleine Project to SOCAR,https://oilprice.com/Company-News/Eni-Sells-10-Stake-in-Ivory-Coasts-Baleine-Project-to-SOCAR.html,"Italy’s Eni has signed a binding agreement to sell a 10% stake in the Baleine offshore oil and gas project in Côte d’Ivoire to SOCAR, the State Oil…",2026-01-23,2026-03-18T15:05:36.514066+00:00
OilPrice,Vitol,Vitol Extends Brunei LNG Supply Deal Through 2031,https://oilprice.com/Company-News/Vitol-Extends-Brunei-LNG-Supply-Deal-Through-2031.html,"Brunei Energy Services & Trading and global energy trader Vitol have extended their long-term liquefied natural gas Sale and Purchase Agreement, reinforcing a partnership first…",2026-01-22,2026-03-18T15:05:36.514567+00:00
OilPrice,EDP,EDP Backs Davos Push to Make Iberia a Pillar of Europe’s Reindustrialization,https://oilprice.com/Company-News/EDP-Backs-Davos-Push-to-Make-Iberia-a-Pillar-of-Europes-Reindustrialization.html,"At the World Economic Forum in Davos, EDP joined leading Iberian energy and industrial companies in renewing a coordinated push to position Spain and Portugal as engines of…",2026-01-22,2026-03-18T15:05:36.514999+00:00
OilPrice,Kinder Morgan,Kinder Morgan Posts Record Earnings as LNG Demand Fuels Pipeline Growth,https://oilprice.com/Company-News/Kinder-Morgan-Posts-Record-Earnings-as-LNG-Demand-Fuels-Pipeline-Growth.html,"Kinder Morgan reported record fourth-quarter and full-year financial results for 2025, underscoring the growing role of U.S. natural gas infrastructure in meeting domestic power demand and global LNG…",2026-01-21,2026-03-18T15:05:36.515442+00:00
OilPrice,Santos,Santos Delivers Strong Cash Flow as Barossa LNG Ships First Cargo,https://oilprice.com/Company-News/Santos-Delivers-Strong-Cash-Flow-as-Barossa-LNG-Ships-First-Cargo.html,"Australia’s Santos has capped off 2025 with strong base business performance, resilient cash generation, and major growth projects moving into production, underscoring the company’s ability to deliver through…",2026-01-21,2026-03-18T15:05:36.515865+00:00
OilPrice,Seadrill,Seadrill Locks In Multi-Region Rig Work as Offshore Demand Tightens,https://oilprice.com/Company-News/Seadrill-Locks-In-Multi-Region-Rig-Work-as-Offshore-Demand-Tightens.html,"Offshore drilling contractor Seadrill has strengthened its forward workload after securing a series of contract awards and extensions across Malaysia, Norway, and Brazil, underscoring renewed momentum in the…",2026-01-21,2026-03-18T15:05:36.516276+00:00
OilPrice,Energy Fuels Inc.,Energy Fuels Moves to Buy ASM in $299 Million Rare Earths Deal,https://oilprice.com/Company-News/Energy-Fuels-Moves-to-Buy-ASM-in-299-Million-Rare-Earths-Deal.html,Energy Fuels Inc. has entered into a Scheme Implementation Deed to acquire 100% of Australian Strategic Materials Limited (ASM) in a transaction valuing the Australian…,2026-01-21,2026-03-18T15:05:36.516759+00:00
OilPrice,Orsted,Ørsted Completes Turbine Installation at 920 MW Taiwan Offshore Wind Project,https://oilprice.com/Company-News/rsted-Completes-Turbine-Installation-at-920-MW-Taiwan-Offshore-Wind-Project.html,"Ørsted has completed the installation of all wind turbines at its 920 MW Greater Changhua 2b and 4 offshore wind farms off the coast of Taiwan, concluding the…",2026-01-20,2026-03-18T15:05:36.517176+00:00
OilPrice,Petrobras,Brazil’s Petrobras Orders $560M Fleet to Cut Charter Reliance and Boost Jobs,https://oilprice.com/Company-News/Brazils-Petrobras-Orders-560M-Fleet-to-Cut-Charter-Reliance-and-Boost-Jobs.html,"Brazil’s state-controlled oil giant Petrobras has taken another step to strengthen its domestic energy logistics and shipbuilding industry, signing contracts to build a new generation of gas carriers…",2026-01-20,2026-03-18T15:05:36.517624+00:00
OilPrice,Shell,Shell Streamlines Executive Committee as Projects Chief Steps Down,https://oilprice.com/Company-News/Shell-Streamlines-Executive-Committee-as-Projects-Chief-Steps-Down.html,Shell plc is cutting the size of its Executive Committee as part of a broader effort to simplify its corporate structure and embed technical expertise more directly within…,2026-01-20,2026-03-18T15:05:36.518044+00:00
OilPrice,BHP,BHP Lifts Copper Guidance on Record Output as Iron Ore and Coal Deliver,https://oilprice.com/Company-News/BHP-Lifts-Copper-Guidance-on-Record-Output-as-Iron-Ore-and-Coal-Deliver.html,"BHP posted a strong first half of FY26, highlighted by record operational performance at its copper and iron ore assets, prompting an increase in group…",2026-01-19,2026-03-18T15:05:36.518520+00:00
OilPrice,Origin Energy,Origin Extends Eraring Coal Plant Operations to 2029 to Bolster NSW Supply,https://oilprice.com/Company-News/Origin-Extends-Eraring-Coal-Plant-Operations-to-2029-to-Bolster-NSW-Supply.html,"Origin Energy has confirmed it will extend operations at its Eraring Power Station, Australia’s largest coal-fired generator, by nearly two years, pushing its retirement date from August 2027…",2026-01-19,2026-03-18T15:05:36.518945+00:00
OilPrice,Syrah Resources,Syrah Extends Tesla Offtake Cure Deadline as Vidalia Qualification Continues,https://oilprice.com/Company-News/Syrah-Extends-Tesla-Offtake-Cure-Deadline-as-Vidalia-Qualification-Continues.html,Syrah Resources said it has reached an agreement with Tesla to extend the cure date for an alleged default under their offtake agreement covering active…,2026-01-18,2026-03-18T15:05:36.519384+00:00
OilPrice,Chevron,Chevron Approves Leviathan Gas Expansion in Eastern Mediterranean,https://oilprice.com/Company-News/Chevron-Approves-Leviathan-Gas-Expansion-in-Eastern-Mediterranean.html,"Chevron has approved a major expansion of the Leviathan natural gas field offshore Israel, doubling down on its role as a cornerstone supplier in the…",2026-01-16,2026-03-18T15:05:36.519837+00:00
OilPrice,Mitsubishi Corporation,Mitsubishi Enters U.S. Shale With $5.2 Billion Haynesville Gas Deal,https://oilprice.com/Company-News/Mitsubishi-Enters-US-Shale-With-52-Billion-Haynesville-Gas-Deal.html,"Mitsubishi Corporation has agreed to acquire Aethon’s Haynesville shale gas business in a transaction valued at approximately $5.2 billion, marking the Japanese conglomerate’s first direct…",2026-01-16,2026-03-18T15:05:36.520270+00:00
OilPrice,BP,BP Flags Multi-Billion-Dollar Transition Impairments as Net Debt Falls in Q4,https://oilprice.com/Company-News/BP-Flags-Multi-Billion-Dollar-Transition-Impairments-as-Net-Debt-Falls-in-Q4.html,"BP p.l.c. (NYSE: BP) has warned of a weaker earnings backdrop in the fourth quarter of 2025, driven by softer oil and gas realizations, weak…",2026-01-15,2026-03-18T15:05:36.520738+00:00
OilPrice,Staatsolie,"Staatsolie Closes 2025 on Strong Note, Looks Forward to Pivotal 2026",https://oilprice.com/Company-News/Staatsolie-Closes-2025-on-Strong-Note-Looks-Forward-to-Pivotal-2026.html,Suriname’s oil and gas sector is entering a decisive phase in 2026 as major projects move from exploration and planning into execution and commercial decision-making. With offshore developments…,2026-01-15,2026-03-18T15:05:36.521155+00:00
OilPrice,TotalEnergies,TotalEnergies to Exit 10% Stake in Nigeria’s Renaissance JV in Asset Sale,https://oilprice.com/Company-News/TotalEnergies-to-Exit-10-Stake-in-Nigerias-Renaissance-JV-in-Asset-Sale.html,"TotalEnergies has signed a Sale and Purchase Agreement to divest its 10% non-operated stake in the Renaissance joint venture in Nigeria, marking another step in the company’s long-running…",2026-01-15,2026-03-18T15:05:36.521596+00:00
OilPrice,TotalEnergies,TotalEnergies and Bapco Launch Middle East Trading Joint Venture,https://oilprice.com/Company-News/TotalEnergies-and-Bapco-Launch-Middle-East-Trading-Joint-Venture.html,"France’s TotalEnergies and Bahrain’s state-owned Bapco Energies have officially launched BxT Trading, a 50/50 trading joint venture backed by production flows from Bapco Energies’ refinery.…",2026-01-15,2026-03-18T15:05:36.922812+00:00
OilPrice,Duke Energy,Duke Energy Brings 50-MW Grid Battery Online at Retired Allen Coal Plant,https://oilprice.com/Company-News/Duke-Energy-Brings-50-MW-Grid-Battery-Online-at-Retired-Allen-Coal-Plant.html,"Duke Energy has brought a 50-megawatt, four-hour battery energy storage system online at its former Allen coal plant on Lake Wylie, marking a major step in repurposing legacy…",2026-01-14,2026-03-18T15:05:36.923357+00:00
OilPrice,ConocoPhillips,ConocoPhillips Confirms Second Gas Discovery in Australia’s Otway Basin,https://oilprice.com/Company-News/ConocoPhillips-Confirms-Second-Gas-Discovery-in-Australias-Otway-Basin.html,"ConocoPhillips has confirmed a second natural gas discovery offshore Australia, strengthening the commercial case for further exploration in the Otway Basin and underscoring the region’s growing importance to…",2026-01-14,2026-03-18T15:05:36.923812+00:00
OilPrice,RWE,RWE Wins 6.9 GW of UK Offshore Wind CfDs and Brings in KKR as Partner,https://oilprice.com/Company-News/RWE-Wins-69-GW-of-UK-Offshore-Wind-CfDs-and-Brings-in-KKR-as-Partner.html,"Germany’s RWE has emerged as one of the biggest winners in the UK’s latest offshore wind auction, securing Contracts for Difference (CfDs) for 6.9 gigawatts of capacity in…",2026-01-14,2026-03-18T15:05:36.924245+00:00
OilPrice,Equinor,Equinor Secures 35 New Licenses to Boost Norwegian Shelf Exploration,https://oilprice.com/Company-News/Equinor-Secures-35-New-Licenses-to-Boost-Norwegian-Shelf-Exploration.html,"Equinor has been awarded 35 new production licenses on the Norwegian continental shelf (NCS) as part of Norway’s 2026 Awards in Predefined Areas (APA) licensing round, the company…",2026-01-13,2026-03-18T15:05:36.924732+00:00
OilPrice,Microsoft,Microsoft Unveils “Community-First” Plan for U.S. AI Data Center Buildout,https://oilprice.com/Company-News/Microsoft-Unveils-Community-First-Plan-for-US-AI-Data-Center-Buildout.html,Microsoft has launched a “Community-First AI Infrastructure” initiative built around five commitments for communities hosting Microsoft-owned and operated data centers: (1) prevent residential electricity bill…,2026-01-13,2026-03-18T15:05:36.925167+00:00
OilPrice,Orsted,U.S. Court Clears Path for Revolution Wind Construction to Restart,https://oilprice.com/Company-News/US-Court-Clears-Path-for-Revolution-Wind-Construction-to-Restart.html,"A U.S. federal court has granted a preliminary injunction permitting construction of the Revolution Wind offshore wind project to restart, temporarily blocking suspension orders issued…",2026-01-12,2026-03-18T15:05:36.925661+00:00
OilPrice,Lynas Rare Earths,Lynas CEO Amanda Lacaze to Retire After 12 Years at Helm,https://oilprice.com/Company-News/Lynas-CEO-Amanda-Lacaze-to-Retire-After-12-Years-at-Helm.html,Lynas Rare Earths Ltd said on Tuesday that Chief Executive Officer and Managing Director Amanda Lacaze will retire after more than a decade leading the…,2026-01-12,2026-03-18T15:05:36.926089+00:00
OilPrice,Murphy Oil Corp.,Murphy Oil Makes Southeast Asia’s Largest Oil Discovery in 20 Years,https://oilprice.com/Company-News/Murphy-Oil-Makes-Southeast-Asias-Largest-Oil-Discovery-in-20-Years.html,"Murphy Oil has made what analysts describe as the largest oil discovery in Southeast Asia in the past two decades, offering Vietnam a rare chance…",2026-01-12,2026-03-18T15:05:36.926535+00:00
OilPrice,Uniper,Uniper Secures Major Green Ammonia Supply Deal With India’s AM Green,https://oilprice.com/Company-News/Uniper-Secures-Major-Green-Ammonia-Supply-Deal-With-Indias-AM-Green.html,"European utility Uniper has signed a long-term offtake agreement with AM Green Ammonia India for up to 500,000 tonnes per year of renewable ammonia, in…",2026-01-12,2026-03-18T15:05:36.926956+00:00
OilPrice,"KBR, Inc., Técnicas Reunidas","Coastal Bend LNG Picks KBR, Técnicas Reunidas for Texas LNG FEED",https://oilprice.com/Company-News/Coastal-Bend-LNG-Picks-KBR-Tcnicas-Reunidas-for-Texas-LNG-FEED.html,Coastal Bend LNG has awarded front-end engineering and design (FEED) contracts to KBR and Spain-based Técnicas Reunidas for its planned natural gas liquefaction and export terminal on the…,2026-01-12,2026-03-18T15:05:36.927400+00:00
OilPrice,ExxonMobil,ExxonMobil CEO Tells Trump Venezuela Is “Uninvestable” Without Major Reforms,https://oilprice.com/Company-News/ExxonMobil-CEO-Tells-Trump-Venezuela-Is-Uninvestable-Without-Major-Reforms.html,"ExxonMobil has made clear that any return to Venezuela’s oil industry would require sweeping structural changes, despite renewed political interest in reviving the country’s vast but crippled petroleum…",2026-01-11,2026-03-18T15:05:36.927825+00:00
OilPrice,"OpenAI, Softbank, SB Energy",SB Energy Lands $1 Billion From OpenAI and SoftBank,https://oilprice.com/Company-News/SB-Energy-Lands-1-Billion-From-OpenAI-and-SoftBank.html,"OpenAI and SoftBank Group Corp. have jointly invested $1 billion in SB Energy, deepening their push to secure power and infrastructure for the rapid expansion of artificial intelligence…",2026-01-09,2026-03-18T15:05:36.928247+00:00
OilPrice,"Gelncore, Rio Tinto",Glencore Confirms Early Talks on Potential Merger With Rio Tinto,https://oilprice.com/Company-News/Glencore-Confirms-Early-Talks-on-Potential-Merger-With-Rio-Tinto.html,"Glencore has confirmed it is in preliminary discussions with Rio Tinto over a possible combination of some or all of their businesses, responding to recent…",2026-01-08,2026-03-18T15:05:36.928725+00:00
OilPrice,TPAO & ExxonMobil,Turkey Taps ExxonMobil as Black Sea Gas Discoveries Grow,https://oilprice.com/Company-News/Turkey-Taps-ExxonMobil-as-Black-Sea-Gas-Discoveries-Grow.html,"Turkey’s state-owned oil and gas company, Turkish Petroleum Corporation (TPAO), has signed a memorandum of understanding with Exxon Mobil affiliate ESSO Exploration International Limited to…",2026-01-08,2026-03-18T15:05:36.929163+00:00
OilPrice,Shell,Shell Flags Weaker Q4 Earnings as Tax Adjustments and Trading Pressures Bite,https://oilprice.com/Company-News/Shell-Flags-Weaker-Q4-Earnings-as-Tax-Adjustments-and-Trading-Pressures-Bite.html,"Shell has issued an update to its fourth-quarter 2025 outlook, signalling softer earnings across several business lines as tax-related adjustments, weaker trading conditions, and lower…",2026-01-08,2026-03-18T15:05:36.929681+00:00
OilPrice,ADNOC,ADNOC Greenlights SARB Deep Gas Project to Boost UAE Gas Output,https://oilprice.com/Company-News/ADNOC-Greenlights-SARB-Deep-Gas-Project-to-Boost-UAE-Gas-Output.html,"Abu Dhabi National Oil Company has taken a final investment decision on the SARB Deep Gas Development, a technically complex offshore gas project that forms…",2026-01-07,2026-03-18T15:05:36.930150+00:00
OilPrice,Ørsted,Ørsted’s Sunrise Wind Sues U.S. Government Over Offshore Lease Halt,https://oilprice.com/Company-News/rsteds-Sunrise-Wind-Sues-US-Government-Over-Offshore-Lease-Halt.html,Ørsted’s U.S. offshore wind subsidiary Sunrise Wind LLC is taking legal action against the federal government after regulators ordered a suspension of its offshore wind…,2026-01-06,2026-03-18T15:05:36.930773+00:00
OilPrice,Centrus Energy,Centrus Wins $900 Million to Scale U.S. Uranium Enrichment in Ohio,https://oilprice.com/Company-News/Centrus-Wins-900-Million-to-Scale-US-Uranium-Enrichment-in-Ohio.html,"Centrus Energy has been awarded a $900 million task order by the U.S. Department of Energy to expand uranium enrichment operations at its Piketon, Ohio,…",2026-01-06,2026-03-18T15:05:36.931197+00:00
OilPrice,Sony Honda Mobility,"Sony-Honda JV Unveils AFEELA Prototype 2026, Targets U.S. Launch by 2028",https://oilprice.com/Company-News/Sony-Honda-JV-Unveils-AFEELA-Prototype-2026-Targets-US-Launch-by-2028.html,"Sony Honda Mobility on Monday unveiled the AFEELA Prototype 2026 at CES 2026 in Las Vegas, marking the latest step in the joint venture’s effort to blend electric…",2026-01-05,2026-03-18T15:05:37.306778+00:00
OilPrice,Vistra,Vistra Expands Gas Fleet With $4 Billion Cogentrix Acquisition,https://oilprice.com/Company-News/Vistra-Expands-Gas-Fleet-With-4-Billion-Cogentrix-Acquisition.html,"Vistra Corp. has struck a deal to significantly expand its U.S. generation footprint, agreeing to acquire the Cogentrix Energy portfolio in a transaction valued at…",2026-01-05,2026-03-18T15:05:37.307300+00:00
OilPrice,Dana Gas,Dana Gas Secures $50 Million Payment as Egypt Drilling Program Accelerates,https://oilprice.com/Company-News/Dana-Gas-Secures-50-Million-Payment-as-Egypt-Drilling-Program-Accelerates.html,"Dana Gas has received a $50 million (AED 184 million) payment from the Egyptian government, easing outstanding receivables and…",2026-01-05,2026-03-18T15:05:37.307758+00:00
OilPrice,TODA Corporation,TODA Switches On Japan’s First Commercial Floating Offshore Wind Farm,https://oilprice.com/Company-News/TODA-Switches-On-Japans-First-Commercial-Floating-Offshore-Wind-Farm.html,"Japan has officially entered the era of commercial floating offshore wind power, with the Goto Offshore Wind Farm commencing operations on January 5, 2026, according…",2026-01-05,2026-03-18T15:05:37.308214+00:00
OilPrice,Orsted,Revolution Wind Moves to Block Federal Lease Suspension in Court,https://oilprice.com/Company-News/Revolution-Wind-Moves-to-Block-Federal-Lease-Suspension-in-Court.html,"Revolution Wind LLC, a joint venture between Global Infrastructure Partners’ Skyborn Renewables and Denmark’s Ørsted, has moved to formally challenge a lease suspension order issued by the U.S.…",2026-01-02,2026-03-18T15:05:37.308686+00:00
OilPrice,Duke Energy,Duke Energy Takes Early Step Toward New Nuclear Build in North Carolina,https://oilprice.com/Company-News/Duke-Energy-Takes-Early-Step-Toward-New-Nuclear-Build-in-North-Carolina.html,"Duke Energy has formally entered the early stages of nuclear development planning in North Carolina, submitting an early site permit (ESP) application to the U.S.…",2025-12-30,2026-03-18T15:05:37.309147+00:00
OilPrice,Tesla,Tesla Breaks With Tradition as It Braces Markets for a Weak Q4,https://oilprice.com/Company-News/Tesla-Breaks-With-Tradition-as-It-Braces-Markets-for-a-Weak-Q4.html,"For the first time, Tesla has taken the unusual step of previewing its own delivery expectations ahead of its fourth-quarter results, a move that has raised eyebrows across…",2025-12-30,2026-03-18T15:05:37.309595+00:00
OilPrice,Octopus Energy,Octopus Energy to Spin Off Kraken in Deal Valuing Platform at $8.65 Billion,https://oilprice.com/Company-News/Octopus-Energy-to-Spin-Off-Kraken-in-Deal-Valuing-Platform-at-865-Billion.html,"Octopus Energy Group is formally spinning out its Kraken technology arm after completing the first standalone investment round for the business, valuing Kraken at $8.65…",2025-12-30,2026-03-18T15:05:37.310023+00:00
OilPrice,Frontera Energy,Frontera Secures $120 Million Chevron Prepayment to Bolster Liquidity,https://oilprice.com/Company-News/Frontera-Secures-120-Million-Chevron-Prepayment-to-Bolster-Liquidity.html,"Frontera Energy Corporation has entered into a $120 million prepayment and commercial agreement with Chevron Products Company through its Colombian subsidiary, replacing an existing deal set to expire…",2025-12-29,2026-03-18T15:05:37.310469+00:00
OilPrice,Chevron,Chevron Delivers First Oil From South N’dola Platform Offshore Angola,https://oilprice.com/Company-News/Chevron-Delivers-First-Oil-From-South-Ndola-Platform-Offshore-Angola.html,"Chevron has achieved a major operational milestone in Angola, delivering first oil from its South N’dola offshore platform in…",2025-12-29,2026-03-18T15:05:37.310894+00:00
OilPrice,Petronas,Petronas Completes First Well in Suriname’s Block 52 Campaign,https://oilprice.com/Company-News/Petronas-Completes-First-Well-in-Surinames-Block-52-Campaign.html,"Petronas has completed drilling the Caiman-1 exploration well in offshore Suriname, marking the first well in…",2025-12-29,2026-03-18T15:05:37.311310+00:00
OilPrice,ADNOC,ADNOC Ends 2025 With $13 Billion Financing Push,https://oilprice.com/Company-News/ADNOC-Ends-2025-With-13-Billion-Financing-Push.html,Abu Dhabi National Oil Company ended 2025 in style with two financing deals that amount to $13 billion across both conventional and lower-carbon investments. The first…,2025-12-29,2026-03-18T15:05:37.311746+00:00
OilPrice,Woodside Energy,Woodside Secures First Long-Term LNG Supply Deal With Turkey’s BOTAS,https://oilprice.com/Company-News/Woodside-Secures-First-Long-Term-LNG-Supply-Deal-With-Turkeys-BOTAS.html,"Woodside Energy has finalized a long-term liquefied natural gas supply agreement with Turkey's state-owned pipeline operator BOTAS, converting a previously announced non-binding Heads of Agreement into a binding…",2025-12-28,2026-03-18T15:05:37.312324+00:00
OilPrice,Baker Hughes,Kuwait Taps Baker Hughes to Boost Output From Mature Fields,https://oilprice.com/Company-News/Kuwait-Taps-Baker-Hughes-to-Boost-Output-From-Mature-Fields.html,Baker Hughes has secured a multi-year contract with Kuwait Oil Company (KOC) to deploy advanced artificial lift technologies…,2025-12-26,2026-03-18T15:05:37.312796+00:00
OilPrice,BP,BP Sells Majority Stake in Castrol to Stonepeak in $10 Billion Deal,https://oilprice.com/Company-News/BP-Sells-Majority-Stake-in-Castrol-to-Stonepeak-in-10-Billion-Deal.html,"BP has agreed to divest a majority stake in its Castrol lubricants business to Stonepeak at a $10 billion enterprise value, generating roughly $6 billion…",2025-12-24,2026-03-18T15:05:37.313246+00:00
OilPrice,Petronas,Petronas Deepens LNG Ties With CNOOC in Long-Term Supply Deal,https://oilprice.com/Company-News/Petronas-Deepens-LNG-Ties-With-CNOOC-in-Long-Term-Supply-Deal.html,"Petronas has strengthened its position in Asia’s liquefied natural gas market after signing a long-term LNG supply agreement with China National Offshore Oil Company (CNOOC),…",2025-12-23,2026-03-18T15:05:37.313734+00:00
OilPrice,Eni,Eni Partners With Prysmian to Recycle Plastic Cable Waste,https://oilprice.com/Company-News/Eni-Partners-With-Prysmian-to-Recycle-Plastic-Cable-Waste.html,"Prysmian and Versalis have entered into a strategic partnership to establish a dedicated chemical recycling supply chain for plastic cable scrap, including difficult-to-recycle cross-linked polyethylene.…",2025-12-23,2026-03-18T15:05:37.314157+00:00
OilPrice,Equinor,Equinor Delays Hammerfest LNG Upgrade as Costs Climb Past NOK 20 Billion,https://oilprice.com/Company-News/Equinor-Delays-Hammerfest-LNG-Upgrade-as-Costs-Climb-Past-NOK-20-Billion.html,"Equinor has revised both the timeline and budget for its Snøhvit Future project in northern Norway, with onshore compression now expected to start in 2029,…",2025-12-23,2026-03-18T15:05:37.314601+00:00
OilPrice,Ørsted,US Regulators Order 90-Day Suspension of Two Ørsted Wind Projects,https://oilprice.com/Company-News/US-Regulators-Order-90-Day-Suspension-of-Two-rsted-Wind-Projects.html,"The US Department of the Interior’s Bureau of Ocean Energy Management (BOEM) has issued 90-day lease suspension orders to Revolution Wind and Sunrise Wind, two flagship offshore wind…",2025-12-22,2026-03-18T15:05:37.604354+00:00
OilPrice,Solarpro & Longi,Solarpro Breaks Ground on 450 MW Solar Project in Hungary,https://oilprice.com/Company-News/Solarpro-Breaks-Ground-on-450-MW-Solar-Project-in-Hungary.html,"Hungary is set to host its largest solar power project to date, as Solarpro moves ahead with the construction of a 450-megawatt…",2025-12-22,2026-03-18T15:05:37.604868+00:00
OilPrice,Harbour Energy,Harbour Energy Enters U.S. Deepwater With $3.2 Billion LLOG Deal,https://oilprice.com/Company-News/Harbour-Energy-Enters-US-Deepwater-With-32-Billion-LLOG-Deal.html,"London-listed Harbour Energy has struck a $3.2 billion deal to buy LLOG Exploration Company LLC from LLOG Holdings, marking Harbour’s entry into the U.S. deepwater…",2025-12-22,2026-03-18T15:05:37.605305+00:00
OilPrice,CNOOC,CNOOC Brings New Xijiang Offshore Project Online in South China Sea,https://oilprice.com/Company-News/CNOOC-Brings-New-Xijiang-Offshore-Project-Online-in-South-China-Sea.html,"CNOOC Limited has commenced production from the Xijiang Oilfields 24 Block Development Project, a shallow-water offshore oil development located in the Pearl River Mouth Basin. The project leverages…",2025-12-21,2026-03-18T15:05:37.605803+00:00
OilPrice,Pemex,Pemex Eyes New Production Chief Amid Mounting Output Challenges,https://oilprice.com/Company-News/Pemex-Eyes-New-Production-Chief-Amid-Mounting-Output-Challenges.html,"Mexico’s state oil company Pemex is preparing to replace the head of its exploration and production unit just months after his return to the role, as the company…",2025-12-18,2026-03-18T15:05:37.606242+00:00
OilPrice,Chevron,Chevron Ships Venezuelan Crude Despite Rising U.S. Pressure,https://oilprice.com/Company-News/Chevron-Ships-Venezuelan-Crude-Despite-Rising-US-Pressure.html,"Chevron Corp. is preparing to export up to 1 million barrels of crude from Venezuela, even as U.S. pressure on the country’s oil trade intensifies following fresh accusations…",2025-12-18,2026-03-18T15:05:37.606690+00:00
OilPrice,Woodside Energy,Woodside Names Liz Westcott Acting CEO as Meg O’Neill Heads to BP,https://oilprice.com/Company-News/Woodside-Names-Liz-Westcott-Acting-CEO-as-Meg-ONeill-Heads-to-BP.html,"Woodside Energy has moved quickly to stabilize leadership following the resignation of CEO and Managing Director Meg O’Neill, who is departing to become chief executive of bp p.l.c.…",2025-12-18,2026-03-18T15:05:37.607113+00:00
OilPrice,ADNOC,ADNOC Secures Up to $11 Billion Financing for Hail and Ghasha Gas Project,https://oilprice.com/Company-News/ADNOC-Secures-Up-to-11-Billion-Financing-for-Hail-and-Ghasha-Gas-Project.html,Abu Dhabi National Oil Company (ADNOC) has signed a landmark structured financing transaction of up to $11 billion to support the development of the Hail…,2025-12-18,2026-03-18T15:05:37.607596+00:00
OilPrice,BP,BP Names Meg O’Neill as CEO in Leadership Shake-Up,https://oilprice.com/Company-News/BP-Names-Meg-ONeill-as-CEO-in-Leadership-Shake-Up.html,"BP plc has announced a major leadership transition, naming Meg O’Neill as its next chief executive officer, effective April 1, 2026, as the company looks…",2025-12-17,2026-03-18T15:05:37.608011+00:00
OilPrice,TransAlta Corporation,U.S. Orders TransAlta to Keep Washington Coal Plant Running Past Retirement,https://oilprice.com/Company-News/US-Orders-TransAlta-to-Keep-Washington-Coal-Plant-Running-Past-Retirement.html,TransAlta Corp. said the U.S. Department of Energy has ordered the company to keep its Centralia Unit 2 coal-fired power plant in Washington State operating…,2025-12-17,2026-03-18T15:05:37.608441+00:00
OilPrice,Vista Energy,Vista Energy Moves to Scale Up Vaca Muerta Footprint,https://oilprice.com/Company-News/Vista-Energy-Moves-to-Scale-Up-Vaca-Muerta-Footprint.html,"Vista Energy SAB, one of Argentina’s leading shale oil producers, is preparing for a new phase of expansion in the Vaca Muerta formation and is…",2025-12-17,2026-03-18T15:05:37.608856+00:00
OilPrice,TotalEnergies,TotalEnergies Sells Half of Greek Renewables Portfolio for €508 Million,https://oilprice.com/Company-News/TotalEnergies-Sells-Half-of-Greek-Renewables-Portfolio-for-508-Million.html,TotalEnergies has closed the sale of a 50% interest in a 424-megawatt portfolio of wind and solar assets in Greece to infrastructure investor Asterion Industrial…,2025-12-17,2026-03-18T15:05:37.609269+00:00
OilPrice,Santos,"Santos Sells Stakes in Mahalo, Petrel, and Tern to Sharpen Capital Focus",https://oilprice.com/Company-News/Santos-Sells-Stakes-in-Mahalo-Petrel-and-Tern-to-Sharpen-Capital-Focus.html,Santos has executed a conditional sale and purchase agreement to divest its 42.86% operated interest in the Mahalo Joint Venture in Queensland’s Bowen Basin to…,2025-12-17,2026-03-18T15:05:37.609738+00:00
OilPrice,Equinor,Equinor to Challenge $65 Million Penalty Over Mongstad Emissions,https://oilprice.com/Company-News/Equinor-to-Challenge-65-Million-Penalty-Over-Mongstad-Emissions.html,"Equinor Refining Norway AS has formally rejected a penalty notice from Norway’s economic crime authority, Økokrim, relating to alleged breaches of the Pollution Control Act…",2025-12-16,2026-03-18T15:05:37.610150+00:00
OilPrice,Shell,Shell Greenlights Kaikias Waterflood to Extend Ursa Production Life,https://oilprice.com/Company-News/Shell-Greenlights-Kaikias-Waterflood-to-Extend-Ursa-Production-Life.html,"Shell Offshore Inc., a subsidiary of Shell plc, has sanctioned a waterflood development at the Kaikias field in the U.S. Gulf of America, reinforcing the…",2025-12-16,2026-03-18T15:05:37.610603+00:00
OilPrice,Baker Hughes & Hunt Oil Company,"Baker Hughes, Hunt Oil Sign Framework to Extend Life of Mature Oil Fields",https://oilprice.com/Company-News/Baker-Hughes-Hunt-Oil-Sign-Framework-to-Extend-Life-of-Mature-Oil-Fields.html,,2025-12-16,2026-03-18T15:05:37.611047+00:00
OilPrice,Serica Energy,Serica Energy to Buy Spirit’s Southern North Sea Assets for £57 Million,https://oilprice.com/Company-News/Serica-Energy-to-Buy-Spirits-Southern-North-Sea-Assets-for-57-Million.html,"Serica Energy plc has signed a sale and purchase agreement to acquire a portfolio of Southern North Sea assets from Spirit Energy Limited and its affiliates, strengthening the…",2025-12-16,2026-03-18T15:05:37.611510+00:00
OilPrice,TotalEnergies,TotalEnergies Secures 21-Year Solar Power Deal With Google in Malaysia,https://oilprice.com/Company-News/TotalEnergies-Secures-21-Year-Solar-Power-Deal-With-Google-in-Malaysia.html,TotalEnergies has signed a 21-year power purchase agreement (PPA) with Google to deliver 1 terawatt-hour of certified renewable electricity from the planned Citra Energies solar…,2025-12-16,2026-03-18T15:05:37.611959+00:00
OilPrice,Glencore,Glencore Takes Full Control of Quechua Copper Project in Peru,https://oilprice.com/Company-News/Glencore-Takes-Full-Control-of-Quechua-Copper-Project-in-Peru.html,JX Advanced Metals Corporation said its affiliate Pan Pacific Copper (PPC) has transferred 100% of the shares in Compania Minera Quechua (CMQ) to Glencore Peru…,2025-12-16,2026-03-18T15:05:37.612403+00:00
OilPrice,Ford,"Ford Takes $19.5 Billion Hit as It Pivots to Hybrids, Trucks, and Energy Storage",https://oilprice.com/Company-News/Ford-Takes-195-Billion-Hit-as-It-Pivots-to-Hybrids-Trucks-and-Battery-S.html,"Ford Motor Company has unveiled a sweeping reset of its electrification and manufacturing strategy, pivoting capital toward higher-return segments such as hybrids, trucks, commercial vehicles, and battery energy…",2025-12-15,2026-03-18T15:05:37.612833+00:00
OilPrice,Shell,UK Watchdog Probes EY’s Audit of Shell Over Partner Rotation Breach,https://oilprice.com/Company-News/UK-Watchdog-Probes-EYs-Audit-of-Shell-Over-Partner-Rotation-Breach.html,The UK Financial Reporting Council (FRC) has formally opened an investigation into Ernst & Young LLP’s statutory audit of Shell plc’s consolidated financial statements for…,2025-12-15,2026-03-18T15:05:38.001518+00:00
OilPrice,Acciona Energía,Acciona Energía Sells U.S. Solar and Mexico Wind Assets in $1 Billion Deal,https://oilprice.com/Company-News/Acciona-Energa-Sells-US-Solar-and-Mexico-Wind-Assets-in-1-Billion-Deal.html,Acciona Energía announced an agreement to sell a 49% stake in its 1.3-gigawatt U.S. solar portfolio alongside 100% ownership of two wind farms in Mexico…,2025-12-15,2026-03-18T15:05:38.002040+00:00
OilPrice,"BW Energy, Maurel & Prom",BW Energy Makes Strategic Angola Entry with Chevron-Operated Block Deal,https://oilprice.com/Company-News/BW-Energy-Makes-Strategic-Angola-Entry-with-Chevron-Operated-Block-Deal.html,"BW Energy has taken a major step into Angola’s offshore sector, striking a joint deal with Maurel & Prom (M&P) to acquire minority stakes in…",2025-12-12,2026-03-18T15:05:38.002510+00:00
OilPrice,Harbour Energy,Harbour Energy Deepens UK North Sea Footprint With $170 Million Waldorf Deal,https://oilprice.com/Company-News/Harbour-Energy-Deepens-UK-North-Sea-Footprint-With-170-Million-Waldorf-Deal.html,"Harbour Energy has struck a $170 million deal to acquire substantially all the UK subsidiaries of Waldorf Energy Partners and Waldorf Production, both currently in administration, marking another…",2025-12-12,2026-03-18T15:05:38.002968+00:00
OilPrice,BP,"BP Brings Atlantis Expansion Online, Adding New Oil Volumes in the U.S. Gulf",https://oilprice.com/Company-News/BP-Brings-Atlantis-Expansion-Online-Adding-New-Oil-Volumes-in-the-US-Gulf.html,"BP has brought online the Atlantis Drill Center 1 expansion in the U.S. Gulf of America, marking the company’s seventh major upstream project startup of…",2025-12-12,2026-03-18T15:05:38.003421+00:00
OilPrice,Equinor,Equinor Approves NOK 4 Billion Tieback to Boost Johan Castberg Output,https://oilprice.com/Company-News/Equinor-Approves-NOK-4-Billion-Tieback-to-Boost-Johan-Castberg-Output.html,"Equinor and its Johan Castberg partners Vår Energi and Petoro will invest just over NOK 4 billion to develop the Isflak discovery, marking the first tieback to Norway’s…",2025-12-11,2026-03-18T15:05:38.003870+00:00
OilPrice,Suncor,"Suncor Targets 870,000 bpd in 2026 as Oilsands Output Surges",https://oilprice.com/Company-News/Suncor-Targets-870000-bpd-in-2026-as-Oilsands-Output-Surges.html,"Suncor Energy has laid out an ambitious production and capital plan for 2026, forecasting a meaningful jump in oil and gas output as efficiencies improve across its oilsands…",2025-12-11,2026-03-18T15:05:38.004347+00:00
OilPrice,DNO,"After Export Restart, DNO Targets Biggest Kurdistan Expansion in Years",https://oilprice.com/Company-News/After-Export-Restart-DNO-Targets-Biggest-Kurdistan-Expansion-in-Years.html,"Norway’s DNO is gearing up for its most ambitious drilling campaign in the Kurdistan Region in more than two years, announcing plans to drill eight new wells at…",2025-12-11,2026-03-18T15:05:38.004781+00:00
OilPrice,Drax Group,Drax Lifts Outlook as Strong Cash Flows Open Door to Major New Investments,https://oilprice.com/Company-News/Drax-Lifts-Outlook-as-Strong-Cash-Flows-Open-Door-to-Major-New-Investments.html,"Drax Group issued a trading update indicating that full-year 2025 adjusted EBITDA is now expected at the top end of consensus, supported by robust performance across FlexGen, pellet…",2025-12-11,2026-03-18T15:05:38.005201+00:00
OilPrice,TotalEnergies,TotalEnergies Takes Control of Namibia’s Largest Oil Discoveries,https://oilprice.com/Company-News/TotalEnergies-Takes-Control-of-Namibias-Largest-Oil-Discoveries.html,"TotalEnergies has signed an agreement with Galp that formalizes its operatorship over Namibia’s two largest offshore oil discoveries, Mopane and Venus, through a strategic asset swap that consolidates…",2025-12-09,2026-03-18T15:05:38.005645+00:00
OilPrice,ExxonMobil,ExxonMobil Lifts 2030 Outlook With Higher Earnings and Cash Flow,https://oilprice.com/Company-News/ExxonMobil-Lifts-2030-Outlook-With-Higher-Earnings-and-Cash-Flow.html,"ExxonMobil has updated its Corporate Plan through 2030, lifting its earnings and cash flow forecasts on the back of advantaged upstream assets, a stronger product portfolio, cost discipline,…",2025-12-09,2026-03-18T15:05:38.006067+00:00
OilPrice,GE Vernova,GE Vernova Doubles Dividend and Lifts Outlook as Energy Demand Boosts Growth,https://oilprice.com/Company-News/GE-Vernova-Doubles-Dividend-and-Lifts-Outlook-as-Energy-Demand-Boosts-Growth.html,"GE Vernova unveiled a sharply higher multi-year financial outlook at its 2025 Investor Update, projecting faster growth, fatter margins, and stronger shareholder returns as global demand for electrification…",2025-12-09,2026-03-18T15:05:38.006513+00:00
OilPrice,Shell,Trinidad Pressures Shell to Deliver Missing Plan for Key Gas Project,https://oilprice.com/Company-News/Trinidad-Pressures-Shell-to-Deliver-Missing-Plan-for-Key-Gas-Project.html,Trinidad and Tobago’s government is pressing Shell to submit a long-awaited development plan for its Aphrodite offshore gas discovery—an essential step before authorities will grant a key license…,2025-12-09,2026-03-18T15:05:38.006928+00:00
OilPrice,Eiffel Investment Group,Eiffel Closes €1.2 Billion Fund to Accelerate Europe’s Energy Transition,https://oilprice.com/Company-News/Eiffel-Closes-12-Billion-Fund-to-Accelerate-Europes-Energy-Transition.html,"Eiffel Investment Group has completed fundraising for its latest energy-transition infrastructure debt vehicle, Eiffel Energy Transition III, hitting its €1.2 billion hard cap and surpassing an initial €1…",2025-12-09,2026-03-18T15:05:38.007366+00:00
OilPrice,BHP,BHP Secures $2 Billion GIP Deal for WAIO Power Network,https://oilprice.com/Company-News/BHP-Strikes-2-Billion-Funding-Deal-With-GIP-for-WAIO-Power-Network.html,"BHP has agreed to a US$2 billion funding arrangement with Global Infrastructure Partners, part of BlackRock, to support the inland power network serving its Western Australia Iron Ore…",2025-12-08,2026-03-18T15:05:38.007802+00:00
OilPrice,Kinder Morgan,Kinder Morgan Expects Earnings and EBITDA Growth in 2026,https://oilprice.com/Company-News/Kinder-Morgan-Expects-Earnings-and-EBITDA-Growth-in-2026.html,"Kinder Morgan expects stronger financial results in 2026, forecasting an 8% increase in adjusted earnings per share and nearly $8.7 billion in adjusted EBITDA as its natural gas…",2025-12-08,2026-03-18T15:05:38.008272+00:00
OilPrice,Shell,Shell Wins Path Into South Africa’s Block 2C as PetroSA Approves Farm In,https://oilprice.com/Company-News/Shell-Wins-Path-Into-South-Africas-Block-2C-as-PetroSA-Approves-Farm-In.html,"South Africa’s state-owned PetroSA has approved a landmark farm-in deal that would give Shell Offshore a 60% operating stake in Block 2C, strengthening the oil major’s position in…",2025-12-08,2026-03-18T15:05:38.008736+00:00
OilPrice,Aurora Innovation & Detmar Logistics,Aurora and Detmar Launch First Autonomous Frac Sand Hauling Fleet in the Permian,https://oilprice.com/Company-News/Aurora-and-Detmar-Launch-First-Autonomous-Frac-Sand-Hauling-Fleet-in-the-Permian.html,Aurora Innovation has struck a major commercial agreement with Detmar Logistics to deploy a fleet of autonomous trucks that will haul frac sand around the…,2025-12-08,2026-03-18T15:05:38.009149+00:00
OilPrice,BP,"BP Targets 450,000 bpd in New Iraq Field Redevelopment Push",https://oilprice.com/Company-News/BP-Targets-450000-bpd-in-New-Iraq-Field-Redevelopment-Push.html,"British Petroleum is set to ramp up oil and gas production in northern Iraq, with plans to lift output at four key Kirkuk-area fields as part of a…",2025-12-08,2026-03-18T15:05:38.009596+00:00
OilPrice,TotalEnergies,TotalEnergies Secures Leading Stake in New UK Energy Powerhouse,https://oilprice.com/Company-News/TotalEnergies-Secures-Leading-Stake-in-New-UK-Energy-Powerhouse.html,"TotalEnergies announced an agreement to merge its upstream business with NEO NEXT Energy Limited (NEO NEXT), a move set to create the United…",2025-12-08,2026-03-18T15:05:38.457065+00:00
OilPrice,Shell,Shell Lifts Stakes in Atapu and Mero to Deepen Brazil Pre-Salt Position,https://oilprice.com/Company-News/Shell-Lifts-Stakes-in-Atapu-and-Mero-to-Deepen-Brazil-Pre-Salt-Position.html,"Shell has expanded its long-term footprint in Brazil’s prolific pre-salt sector, raising its ownership stakes in the Atapu and Mero fields after securing additional equity…",2025-12-05,2026-03-18T15:05:38.457628+00:00
OilPrice,Eni,Eni Secures 10-Year LNG Deal With Thailand’s Gulf Development Company,https://oilprice.com/Company-News/Eni-Secures-10-Year-LNG-Deal-With-Thailands-Gulf-Development-Company.html,Eni has strengthened its push into Asian LNG markets with a new 10-year sales agreement that will deliver 0.8 million tons per annum of LNG…,2025-12-04,2026-03-18T15:05:38.458075+00:00
OilPrice,Octopus Energy Group,Kraken Eyes $15 Billion Valuation in New $500 Million Funding Push,https://oilprice.com/Company-News/Kraken-Eyes-15-Billion-Valuation-in-New-500-Million-Funding-Push.html,"Kraken Technologies, the fast-growing energy software platform owned by Octopus Energy Group, has launched a new fundraising round aiming to secure roughly $500 million, according to people familiar…",2025-12-04,2026-03-18T15:05:38.458550+00:00
OilPrice,Eni,Eni Signs 10-Year LNG Supply Deal With Turkey's BOTAS Starting 2028,https://oilprice.com/Company-News/Eni-Signs-10-Year-LNG-Supply-Deal-With-Turkeys-BOTAS-Starting-2028.html,"Eni has signed its first long-term LNG sales agreement with Turkey’s state-owned pipeline and gas company BOTA?, securing a decade of deliveries starting in 2028 as the Italian…",2025-12-04,2026-03-18T15:05:38.458977+00:00
OilPrice,Enphase Energy,Enphase Begins U.S. Shipments of Next-Gen IQ EV Charger 2,https://oilprice.com/Company-News/Enphase-Begins-US-Shipments-of-Next-Gen-IQ-EV-Charger-2.html,"Enphase Energy has started production shipments of its IQ EV Charger 2 to U.S. customers, marking a significant expansion of the company’s home-energy ecosystem as…",2025-12-04,2026-03-18T15:05:38.459442+00:00
OilPrice,CNOOC,CNOOC Starts Production at Weizhou 11-4 Oilfield Expansion Offshore China,https://oilprice.com/Company-News/CNOOC-Starts-Production-at-Weizhou-11-4-Oilfield-Expansion-Offshore-China.html,"CNOOC Limited has brought its Weizhou 11-4 oilfield adjustment and satellite fields project onstream, marking a new offshore production boost in the Beibu Gulf Basin.…",2025-12-04,2026-03-18T15:05:38.459866+00:00
OilPrice,Chevron,Chevron Sets 2026 Capex at $18–19 Billion,https://oilprice.com/Company-News/Chevron-Sets-2026-Capex-at-1819-Billion.html,"Chevron Corporation (NYSE: CVX) announced an organic capital expenditure budget of $18–19 billion for 2026, signaling a disciplined approach that keeps spending at the low…",2025-12-03,2026-03-18T15:05:38.460289+00:00
OilPrice,Perenco,Perenco Surges Past Production Targets With New Wells in Chad,https://oilprice.com/Company-News/Perenco-Surges-Past-Production-Targets-With-New-Wells-in-Chad.html,"Perenco has boosted its oil production capacity in Chad to more than 18,000 barrels per day (bpd) following the completion of a major drilling campaign…",2025-12-03,2026-03-18T15:05:38.460740+00:00
OilPrice,Reconnaissance Energy Africa,"ReconAfrica Strikes Oil Shows in Namibia, Shares Jump 50%",https://oilprice.com/Company-News/ReconAfrica-Strikes-Oil-Shows-in-Namibia-Shares-Jump-50.html,Reconnaissance Energy Africa (ReconAfrica) shares surged more than 50% on Tuesday after the company announced its Kavango West 1X exploration well in northeastern Namibia encountered…,2025-12-03,2026-03-18T15:05:38.461160+00:00
OilPrice,Enphase,Enphase Rolls Out PowerMatch in Europe to Boost Home Battery Performance,https://oilprice.com/Company-News/Enphase-Rolls-Out-PowerMatch-in-Europe-to-Boost-Home-Battery-Performance.html,"Enphase Energy has introduced its new PowerMatch technology to the European market, a software-driven advance designed to boost the usable output and efficiency of the…",2025-12-03,2026-03-18T15:05:38.461601+00:00
OilPrice,Eni,Eni Starts Congo LNG Phase 2 Ahead of Schedule,https://oilprice.com/Company-News/Eni-Starts-Congo-LNG-Phase-2-Ahead-of-Schedule.html,"Eni has begun Phase 2 of its Congo LNG development ahead of schedule, setting the stage for first cargo exports in early 2026.",2025-12-03,2026-03-18T15:05:38.462012+00:00
OilPrice,TotalEnergies,TotalEnergies Clarifies Financing Shift for Mozambique LNG Project,https://oilprice.com/Company-News/TotalEnergies-Clarifies-Financing-Shift-for-Mozambique-LNG-Project.html,TotalEnergies has moved to clarify the financing structure behind the long-delayed Mozambique LNG development after the UK and Dutch governments disclosed that their export credit…,2025-12-03,2026-03-18T15:05:38.462457+00:00
OilPrice,TAE Technologies,TAE and UKAEA Launch Joint Venture to Commercialize Advanced Fusion Beams,https://oilprice.com/Company-News/TAE-and-UKAEA-Launch-Joint-Venture-to-Commercialize-Advanced-Fusion-Beams.html,"TAE Technologies has entered a reciprocal investment partnership with the UK Atomic Energy Authority to launch TAE Beam UK, a new joint venture designed to industrialize one of…",2025-12-02,2026-03-18T15:05:38.462881+00:00
OilPrice,TPAO,Turkey Strikes Major Oil and Gas Deals With Pakistan for 2026 Launch,https://oilprice.com/Company-News/Turkey-Strikes-Major-Oil-and-Gas-Deals-With-Pakistan-for-2026-Launch.html,Turkey and Pakistan have taken a major step toward deepening their energy partnership after Turkey’s state oil company TPAO signed a series of hydrocarbon exploration…,2025-12-02,2026-03-18T15:05:38.463294+00:00
OilPrice,TotalEnergies,TotalEnergies Emerges as Frontrunner for Giant Namibian Oil Discovery,https://oilprice.com/Company-News/TotalEnergies-Emerges-as-Frontrunner-for-Giant-Namibian-Oil-Discovery.html,"TotalEnergies has emerged as the frontrunner to acquire a major stake in Galp Energia’s blockbuster oil discovery offshore Namibia, according to people familiar with the…",2025-12-02,2026-03-18T15:05:38.463803+00:00
OilPrice,TotalEnergies,TotalEnergies and Partners Advance Nebraska e-NG Project,https://oilprice.com/Company-News/TotalEnergies-and-Partners-Advance-Nebraska-e-NG-Project.html,"TotalEnergies, TES, and three Japanese gas companies have signed a development agreement for the Live Oak e-NG project in Nebraska, targeting commercial operations by 2030.…",2025-12-02,2026-03-18T15:05:38.464240+00:00
OilPrice,Vestas,Vestas Secures 660 MW Offshore Wind Order in EMEA,https://oilprice.com/Company-News/Vestas-Secures-660-MW-Offshore-Wind-Order-in-EMEA.html,"Vestas has secured a 660 megawatt offshore wind order in the EMEA region, the turbine manufacturer said Monday, marking one of its largest additions to the company’s fourth-quarter…",2025-12-02,2026-03-18T15:05:38.464690+00:00
OilPrice,"Shell, Equinor",Shell and Equinor Launch Adura as UK’s Largest North Sea Producer,https://oilprice.com/Company-News/Shell-and-Equinor-Launch-Adura-as-UKs-Largest-North-Sea-Producer.html,"Shell and Equinor have formally combined their UK offshore oil and gas operations to create Adura, a new 50:50 joint venture that instantly becomes the…",2025-12-01,2026-03-18T15:05:38.465113+00:00
OilPrice,Gunvor Group,Gunvor Management Takes Full Control in Buy-Out and Names New CEO,https://oilprice.com/Company-News/Gunvor-Management-Takes-Full-Control-in-Buy-Out-and-Names-New-CEO.html,"Gunvor Group has entered a new era after its management team secured full ownership of the company through a long-planned buy-out, ending Torbjörn Törnqvist’s tenure…",2025-12-01,2026-03-18T15:05:38.465561+00:00
