excerpt,published_date,refresh_existing,scraped_at,source,tags,title,topics,url
"Tullow Oil has signed a $205 million agreement to acquire the FPSO serving the TEN fields offshore Ghana, a move expected to reduce lease costs and improve long-term project economics on the Deepwater Tano block.",2026-02-20,0,2026-02-25T17:41:48.925749+00:00,worldoil,"Deepwater,Production,West Africa",Tullow signs $205-million deal to acquire TEN FPSO offshore Ghana,,https://www.worldoil.com/news/2026/2/20/tullow-signs-205-million-deal-to-acquire-ten-fpso-offshore-ghana/
"Ecopetrol reported 1.94 Bboe in proved reserves at year-end 2025 and a 121% reserve replacement ratio, driven by enhanced recovery projects and improved field performance across key Colombian assets. The company’s average reserve life now stands at 7.8 years.",2026-02-20,0,2026-02-25T17:41:49.333137+00:00,worldoil,"Production,South America,Industry Trends","Ecopetrol posts 1.94 Bboe in proved reserves, replaces 121% of production in 2025",,https://www.worldoil.com/news/2026/2/20/ecopetrol-posts-1-94-bboe-in-proved-reserves-replaces-121-of-production-in-2025/
"Infinity increases its stake in the $1.2-billion Antero Ohio Utica acquisition after securing $350 million in strategic equity, positioning the Appalachian producer for further consolidation.",2026-02-23,0,2026-02-25T17:41:49.790420+00:00,worldoil,Marcellus/Utica,Infinity ups Utica stake in $1.2 billion Antero Ohio deal with $350 million equity backing,,https://www.worldoil.com/news/2026/2/23/infinity-ups-utica-stake-in-1-2-billion-antero-ohio-deal-with-350-million-equity-backing/
"Iraq approves agreement transferring West Qurna 2 field operations from Lukoil to Basra Oil Company, reshaping control of a 460,000-bpd upstream asset with 14 Bbbl in reserves.",2026-02-23,0,2026-02-25T17:41:50.168784+00:00,worldoil,"Iraq,Production",Iraq shifts West Qurna 2 operatorship from Lukoil to Basra Oil,,https://www.worldoil.com/news/2026/2/23/iraq-shifts-west-qurna-2-operatorship-from-lukoil-to-basra-oil/
"After $37.8 billion in 2025 oil patch deals, analysts say Canada’s oil sands sector could be next in line for a transformational mega merger as pipeline pressure and pricing volatility reshape strategy.",2026-02-23,0,2026-02-25T17:41:50.597745+00:00,worldoil,"Canada,Oil Sands",Canada oil sands brace for potential mega merger wave,,https://www.worldoil.com/news/2026/2/23/canada-oil-sands-brace-for-potential-mega-merger-wave/
"Seatrium expects more than S$50 million in annual cost savings after divesting non-core yards and marine assets, streamlining its offshore oil and gas portfolio by early 2026.",2026-02-23,0,2026-02-25T17:41:50.991296+00:00,worldoil,,Seatrium accelerates yard sales to streamline offshore portfolio,Offshore,https://www.worldoil.com/news/2026/2/23/seatrium-accelerates-yard-sales-to-streamline-offshore-portfolio/
"Network Innovations, a global technology integration leader, has announced the appointment of Keith Johnson to the role of President, Americas. The former Speedcast Chief Operating Officer and EVP of Global Energy will take the reins as President of Network Innovations’ Americas Business Unit.",2024-11-06,0,2026-02-25T17:41:52.144992+00:00,worldoil,People,"Network Innovations has appointed Keith Johnson as its new President, Americas",Company News,https://www.worldoil.com/company-news/2024/11/6/network-innovations-has-appointed-keith-johnson-as-its-new-president-americas/
"INNIO Group has announced the market launch of the new, even more efficient Generation F for its Jenbacher Type 2 engine platform. Compared to the previous version, the new eight-cylinder J208 F engine achieves up to 3 percentage points higher efficiency at 41.8%, with electrical output increased by 9% to as much as 360 kW.",2024-11-06,0,2026-02-25T17:41:52.307408+00:00,worldoil,Products,INNIO Group introduces even more efficient Generation F for Jenbacher Type 2 engine platform,Company News,https://www.worldoil.com/company-news/2024/11/6/innio-group-introduces-even-more-efficient-generation-f-for-jenbacher-type-2-engine-platform/
"Computer Modelling Group Ltd. (CMG) has announced it is collaborating with NVIDIA to further develop and optimize CMG subsurface simulation solutions for increased speed, performance, and energy efficiency.",2024-11-06,0,2026-02-25T17:41:52.635728+00:00,worldoil,Innovative Thinkers,CMG targets faster simulation solutions with NVIDIA accelerated computing,"Digital Transformation,Company News",https://www.worldoil.com/company-news/2024/11/6/cmg-targets-faster-simulation-solutions-with-nvidia-accelerated-computing/
ABS and the Korea Marine Equipment Research Institute (KOMERI) signed an agreement at Offshore Korea that establishes a framework for strengthening technology research and development in the shipbuilding and marine industries.,2024-11-22,0,2026-02-25T17:41:53.067277+00:00,worldoil,Innovative Thinkers,ABS and KOMERI partner to advance maritime technology R&D,"Offshore,Company News",https://www.worldoil.com/company-news/2024/11/22/abs-and-komeri-partner-to-advance-maritime-technology-r-d/
"Seatrium Ltd. announced that its subsidiary has signed a Letter of Intent (LOI) with Japan-based Penta-Ocean Construction (POC) to carry out early engineering work for a 5,000t fully-revolving Heavy Lift Vessel project for the Japan wind market.",2024-11-22,0,2026-02-25T17:41:53.368784+00:00,worldoil,"Offshore Wind,East Asia",Seatrium posts letter of intent for heavy lift vessel for Japan offshore wind sector,Company News,https://www.worldoil.com/company-news/2024/11/22/seatrium-posts-letter-of-intent-for-heavy-lift-vessel-for-japan-offshore-wind-sector/
"University of Alaska (UA) President Pat Pitney announced that she has selected Dr. Brian Smentkowksi to serve as the university’s next vice president and chief academic officer (VP/CAO). The VP/CAO serves as a member of the UA president’s executive team, providing academic leadership and strategic guidance to the President, Board of Regents, and UA system.",2024-11-22,0,2026-02-25T17:41:53.734867+00:00,worldoil,People,"University of Alaska selects Dr. Brian Smentkowski as next VP, chief academic officer",Company News,https://www.worldoil.com/company-news/2024/11/22/university-of-alaska-selects-dr-brian-smentkowski-as-next-vp-chief-academic-officer/
"Viking Engineering, a 100% employee-owned GATE Energy company, is proud to announce that their laboratory division, Viking Laboratory Services, has successfully achieved ISO 17025 accreditation.",2024-12-20,0,2026-02-25T17:41:54.036838+00:00,worldoil,,Viking Engineering laboratory achieves ISO 17025 accreditation,Company News,https://www.worldoil.com/company-news/2024/12/20/viking-engineering-laboratory-achieves-iso-17025-accreditation/
"In July, Marshall Excelsior Company (MEC), Marshall, MI, was acquired by OPW, a Dover Corporation company, and became a founding member of the new OPW Propane Energy Solutions (PES) business unit. To recognize this landmark occasion in the company’s 48-year history, MEC has introduced a redesigned company logo that communicates its official standing as a member of the OPW team.",2024-12-20,0,2026-02-25T17:41:54.502755+00:00,worldoil,,New Marshall Excelsior Company branding highlights integration into OPW Propane Energy Solutions,Company News,https://www.worldoil.com/company-news/2024/12/20/new-marshall-excelsior-company-branding-highlights-integration-into-opw-propane-energy-solutions/
"Kurita America, part of the Kurita Group, a leading global provider of water treatment solutions, announced its pending merger with sister company, Avista Technologies, Inc. (Avista). This merger will officially take effect on April 1, 2025.",2025-02-05,0,2026-02-25T17:41:54.978613+00:00,worldoil,Water management,Kurita America to merge with Avista Technologies,Company News,https://www.worldoil.com/company-news/2025/2/5/kurita-america-to-merge-with-avista-technologies/
"Lufkin Industries, a global leader in surface production equipment and automation solutions, has announced the sale of its North America Downhole (NAM Downhole) business to Q2 Artificial Lift Services, a leading provider of downhole reciprocating pumps.",2025-04-04,0,2026-02-25T17:41:55.123138+00:00,worldoil,"North America,Automation & Control,Drilling",Lufkin Industries sells North America Downhole business to Q2 Artificial Lift,Company News,https://www.worldoil.com/company-news/2025/4/4/lufkin-industries-sells-north-america-downhole-business-to-q2-artificial-lift/
"Mexican industrial valve manufacturer Walworth opened its new production plant in Dubai, UAE, a key strategic step to strengthen its presence in the Middle East and significantly improve its supply chain in the region.",2025-04-22,0,2026-02-25T17:41:55.587464+00:00,worldoil,"UAE,Mexico","Mexican valve manufacturer Walworth opens new production facility in Dubai, UAE",Company News,https://www.worldoil.com/company-news/2025/4/22/mexican-valve-manufacturer-walworth-opens-new-production-facility-in-dubai-uae/
Harbison-Fischer’s new single-piece HFX cage is engineered to raise the rod pumping standard in severe service conditions by optimizing fluid flow dynamics and minimizing energy loss–a drop in pressure– during the valve’s opening and closing.,2023-03-30,0,2026-02-25T17:41:56.808872+00:00,worldoil,"Subsea,Products",ChampionX unveils new subsurface rod pumping cage,Company News,https://www.worldoil.com/company-news/2023/3/30/championx-unveils-new-subsurface-rod-pumping-cage/
"This platform includes fresh and produced water data, injection and land data, and Louisiana-specific layers such as reserve pits, offshore blocks and wildlife management areas.",2023-04-03,0,2026-02-25T17:41:57.217859+00:00,worldoil,Water management,B3 releases comprehensive produced water platform for Louisiana,"Digital Transformation,Company News",https://www.worldoil.com/company-news/2023/4/3/b3-releases-comprehensive-produced-water-platform-for-louisiana/
"The partnership will provide continuous monitoring solutions and deliver a rapid, cost-competitive, and autonomous alert system for notifying stakeholders of changes in environmental conditions that are indicative of anomalous or unplanned events.",2023-04-04,0,2026-02-25T17:41:57.679557+00:00,worldoil,"Products,Automation & Control","MicroSeismic, ShowMyWell partner to provide continuous subsurface monitoring solution","Digital Transformation,Company News",https://www.worldoil.com/company-news/2023/4/4/microseismic-showmywell-partner-to-provide-continuous-subsurface-monitoring-solution/
"Semco Maritime's financial results surged in 2022, with revenue up 38% to $0.5 billion and earnings up $30.26 million. The Group plans to continue its success in 2023 by executing its Sustainable Growth strategy.",2023-04-13,0,2026-02-25T17:41:58.001754+00:00,worldoil,,Semco Maritime increased revenue by 35% in 2022,"Industry & Analysis,Company News",https://www.worldoil.com/company-news/2023/4/13/semco-maritime-increased-revenue-by-35-in-2022/
"Learn about Electromagnetic Geoservices ASA's vessel activity, utilization, and multi-client sales for Q1 2023.",2023-04-13,0,2026-02-25T17:41:58.313088+00:00,worldoil,Products,EMGS anticipates $4.8 million in revenue for Q1 2023,"Offshore,Industry & Analysis,Company News",https://www.worldoil.com/company-news/2023/4/13/emgs-anticipates-4-8-million-in-revenue-for-q1-2023/
"Bourbon Marine & Logistics partners with Tethys Marine & Logistics, making Bourbon Guyana the first indigenous offshore support vessel operator.",2023-04-17,0,2026-02-25T17:41:58.582927+00:00,worldoil,"South America,Guyana",Bourbon Guyana becomes first indigenous offshore support vessel operator,"Offshore,Company News",https://www.worldoil.com/company-news/2023/4/17/bourbon-guyana-becomes-first-indigenous-offshore-support-vessel-operator/
"Martin currently serves as the President of EnerGeo Alliance, where she is responsible for the development and execution of their global strategies and priorities advocating for the energy geoscience and exploration industries.",2023-04-20,0,2026-02-25T17:41:59.032693+00:00,worldoil,"Geology & Geophysics,People","Microseismic appoints new board member to assist in energy, environmental growth",Company News,https://www.worldoil.com/company-news/2023/4/20/microseismic-appoints-new-board-member-to-assist-in-energy-environmental-growth/
"The refit of the 27-year-old ship will be performed at Bollinger Mississippi Repair in Pascagoula, Mississippi, adding an additional 15 years to the original 30 year expectant service life of the vessel.",2023-05-02,0,2026-02-25T17:41:59.458150+00:00,worldoil,,Bollinger Shipyards to refit largest ship on NOAA fleet,"Offshore,Company News",https://www.worldoil.com/company-news/2023/5/2/bollinger-shipyards-to-refit-largest-ship-on-noaa-fleet/
"Under the contract, Hydroniq Coolers will supply eight large tube coolers – two for each of the four FPSO-bound hydraulic pump units. The coolers will be integrated with Framo’s pump skids and utilized to cool down the oil in the hydraulic pumps.",2023-05-11,0,2026-02-25T17:41:59.750997+00:00,worldoil,,Framo orders Hyroniq coolers for four newbuild FPSOs,"Offshore,Company News",https://www.worldoil.com/company-news/2023/5/11/framo-orders-hyroniq-coolers-for-four-newbuild-fpsos/
The combination creates the world’s most advanced platform of capabilities to address customers’ and communities’ critical water challenges.,2023-05-25,0,2026-02-25T17:42:00.153107+00:00,worldoil,Water management,"Xylem, Evoqua create “world’s largest” water technology company with $7.5 billion acquisition",Company News,https://www.worldoil.com/company-news/2023/5/25/xylem-evoqua-create-world-s-largest-water-technology-company-with-7-5-billion-acquisition/
"The collaboration between Saitec Offshore Technologies, RWE Offshore Wind, and now KEPCO, creates a powerful alliance that will drive innovation, accelerate the commercialization of the SATH floating wind solution, and contribute to the transition towards a more sustainable energy future.",2023-08-07,0,2026-02-25T17:42:00.511051+00:00,worldoil,Offshore Wind,KEPCO joins partnership to develop DemoSATH offshore wind project,"Energy Transition,Company News",https://www.worldoil.com/company-news/2023/8/7/kepco-joins-partnership-to-develop-demosath-offshore-wind-project/
"EnerMech has secured a two-year contract extension to provide offshore rig crane inspection and lifting services for a Middle East operator, supporting safe and reliable offshore drilling operations.",2026-02-12,0,2026-02-25T17:42:00.917363+00:00,worldoil,Middle East,EnerMech wins two-year offshore crane services extension in Middle East,Offshore,https://www.worldoil.com/news/2026/2/12/enermech-wins-two-year-offshore-crane-services-extension-in-middle-east/
"Well Completion Equipment design, manufacturing, and, services company, Viking Completion Technology, is celebrating a successful 2022 and its strong position as it enters Q4.",2022-10-04,0,2026-02-25T17:42:01.269233+00:00,worldoil,,"Viking Completion Technology celebrates successful 2022, strengthens position for Q4 and 2023",Company News,https://www.worldoil.com/company-news/2022/10/4/viking-completion-technology-celebrates-successful-2022-strengthens-position-for-q4-and-2023/
"Searcher, a service provider of global multi-client geoscience data, announced its Sudan 2D Rectified Seismic Dataset, in cooperation with the Sudan Ministry of Energy and Petroleum.",2022-10-04,0,2026-02-25T17:42:01.659970+00:00,worldoil,"Middle East,Africa,Exploration",Searcher rectifies Sudan 2D as 3D seismic campaign advances,"Offshore,Company News",https://www.worldoil.com/company-news/2022/10/4/searcher-rectifies-sudan-2d-as-3d-seismic-campaign-advances/
"Jōb Industrial Services (Jōb), an engineering, procurement and construction (EPC) company serving the oil and gas, power, materials and chemical industries, has appointed Darin Wood as director of engineering.",2022-10-11,0,2026-02-25T17:42:01.859711+00:00,worldoil,People,Jōb Industrial Services appoints Darin Wood as director of engineering,Company News,https://www.worldoil.com/company-news/2022/10/11/job-industrial-services-appoints-darin-wood-as-director-of-engineering/
"The modular, state-of-the-art EM 304 MKI performs accurate, high-resolution seabed mapping in shallow to deep waters at depths of more than 11,000 meters.",2022-12-13,0,2026-02-25T17:42:02.300507+00:00,worldoil,"Deepwater,Products",TDI-Brooks upgrades deepwater multibeam to EM304 MKI,Company News,https://www.worldoil.com/company-news/2022/12/13/tdi-brooks-upgrades-deepwater-multibeam-to-em304-mki/
"Energy Capital & Power is producing the fourth edition of Energy Invest: Equatorial Guinea, the most comprehensive guide to the Central African nation’s diverse energy market.",2023-01-09,0,2026-02-25T17:42:02.782174+00:00,worldoil,"Africa,Production,Forecast","ECP to produce fourth edition of Energy Invest: Equatorial Guinea, explores nation's energy market","Energy Transition,Company News",https://www.worldoil.com/company-news/2023/1/9/ecp-to-produce-fourth-edition-of-energy-invest-equatorial-guinea-explores-nation-s-energy-market/
Paradigm Flow Services Limited has secured a substantial growth funding package from mid-sized SME lenders ThinCats.,2023-01-16,0,2026-02-25T17:42:03.136010+00:00,worldoil,"People,Products",Paradigm Flow Services to “scale-up” technologies with multi-million dollar loan from ThinCats,Company News,https://www.worldoil.com/company-news/2023/1/16/paradigm-flow-services-to-scale-up-technologies-with-multi-million-dollar-loan-from-thincats/
"The programs will educate, strengthen skills and expand knowledge on the use of Sercel-GRC downhole monitoring systems.",2023-01-18,0,2026-02-25T17:42:03.357746+00:00,worldoil,"People,Products",Sercel-GRC launches School of Gauges training courses,Company News,https://www.worldoil.com/company-news/2023/1/18/sercel-grc-launches-school-of-gauges-training-courses/
"Miros’ offshore wind map and Data Explorer technology are easy-to-use, intuitive tools that help operations and maintenance teams solve these problems.",2023-01-25,0,2026-02-25T17:42:03.813601+00:00,worldoil,Offshore Wind,Miros addresses offshore wind problems with “intuitive” technology,"Energy Transition,Company News",https://www.worldoil.com/company-news/2023/1/25/miros-addresses-offshore-wind-problems-with-intuitive-technology/
"Rovco is working with Glomar Offshore and marine design consultants, Medea, to reconfigure the vessel to meet the rapidly-growing offshore wind market. The new design will allow the Glomar Supporter to carry an entire suite of state-of-the-art survey sensors and equipment.",2023-01-30,0,2026-02-25T17:42:04.156050+00:00,worldoil,Offshore Wind,Rovco signs long-term multi-purpose vessel charter for offshore wind characterization projects,"Energy Transition,Company News",https://www.worldoil.com/company-news/2023/1/30/rovco-signs-long-term-multi-purpose-vessel-charter-for-offshore-wind-characterization-projects/
C-Kore’s self-contained and automated subsea testing units are used on both asset integrity and installation operations to verify the health of subsea electrical systems.,2023-02-09,0,2026-02-25T17:42:04.515041+00:00,worldoil,"Subsea,Africa","C-Kore, Cranium Engineering complete successful subsea electrical integrity campaign in Nigeria","Offshore,Company News",https://www.worldoil.com/company-news/2023/2/9/c-kore-cranium-engineering-complete-successful-subsea-electrical-integrity-campaign-in-nigeria/
"Select Energy was initially built “to service the energy industry,” according to Schmitz. While the company plans to continue their dedication towards advancing “new and sustainable solutions for customers and stakeholders,” the rebranding reflects Select’s expertise in sustainable water and chemical solutions for the oil and gas industry.",2023-02-21,0,2026-02-25T17:42:04.900115+00:00,worldoil,Water management,"Select Energy Services rebrands, becomes Select Water Solutions to better service energy industry",Company News,https://www.worldoil.com/company-news/2023/2/21/select-energy-services-rebrands-becomes-select-water-solutions-to-better-service-energy-industry/
"Magellan X, a leading ESG technology company for building and investing in Deep Tech digital solutions, has completed a successful trial of the SOL-X innovative safety solution with MC Shipping Ltd., a global shipping company and a subsidiary of Mitsubishi Corporation.",2023-02-23,0,2026-02-25T17:42:05.362645+00:00,worldoil,,"Mitsubishi, Magellan X partner to progress digital transformation of maritime, oil and gas industries","Digital Transformation,Company News",https://www.worldoil.com/company-news/2023/2/23/mitsubishi-magellan-x-partner-to-progress-digital-transformation-of-maritime-oil-and-gas-industries/
"With offices in Fort Worth and Midland, Texas, Valor has grown to become one of the Southwest’s leading private asset managers, providing mineral management, oil and gas bookkeeping, and operator outsourcing for mineral rights, and oil and gas owners.",2023-03-23,0,2026-02-25T17:42:05.672017+00:00,worldoil,Industry Trends,Valor named finalist in North America Top 50 Inspiring Workplace list,"Industry & Analysis,Company News",https://www.worldoil.com/company-news/2023/3/23/valor-named-finalist-in-north-america-top-50-inspiring-workplace-list/
Convoy of Hope works alongside communities and its wide network of volunteers aim to alleviate poverty and hunger and to bring help and hope wherever they are most needed in the world.,2023-03-23,0,2026-02-25T17:42:06.072610+00:00,worldoil,,"Combilift donates 75,000th truck to non-profit disaster relief organization","Industry & Analysis,Company News",https://www.worldoil.com/company-news/2023/3/23/combilift-donates-75-000th-truck-to-non-profit-disaster-relief-organization/
"ECOPETROL, the main and largest oil company in Colombia, awards this recognition to highlight the suppliers that leverage the sustainable development of nations with the design of innovative products or services and outstanding practices in environmental protection.",2023-03-24,0,2026-02-25T17:42:06.499919+00:00,worldoil,Sustainability,ROSEN recognized by ECOPETROL as an iconic supplier with inclusive and sustainable energy,"Energy Transition,Company News",https://www.worldoil.com/company-news/2023/3/24/rosen-recognized-by-ecopetrol-as-an-iconic-supplier-with-inclusive-and-sustainable-energy/
"With increased demand from existing clients to support Engineering projects across the North Sea and UKCS, the new premises allows for increased headcount whilst the firm continues to add experienced staff to the business.",2023-03-27,0,2026-02-25T17:42:06.942677+00:00,worldoil,"Europe,Western Europe,UK/UKCS",Semco Maritime relocate Aberdeen office to support energy sector,Company News,https://www.worldoil.com/company-news/2023/3/27/semco-maritime-relocate-aberdeen-office-to-support-energy-sector/
The company’s digital program relies on digital data collection and algorithms to help companies measure and manage safety risks.,2023-03-29,0,2026-02-25T17:42:07.308858+00:00,worldoil,,"Rose Rock Bridge awards $100,000 to Safety Radar to reduce safety incidents in energy industry","Digital Transformation,Company News",https://www.worldoil.com/company-news/2023/3/29/rose-rock-bridge-awards-100-000-to-safety-radar-to-reduce-safety-incidents-in-energy-industry/
"The daily rates secured for these contracts reflect strong demand for the vessels. The first contract is set to commence at the end of Q1, and the second at the start of Q3, spanning a cumulative period of 272 days.",2023-03-29,0,2026-02-25T17:42:07.654721+00:00,worldoil,,GMS awarded two new contracts for small offshore vessel,"Offshore,Company News",https://www.worldoil.com/company-news/2023/3/29/gms-awarded-two-new-contracts-for-small-offshore-vessel/
Claerr’s addition comes at a time of substantial growth for Danos. The company recently acquired a Gulf of Mexico offshore labor supply company that resulted in a 30% increase in its workforce.,2023-03-30,0,2026-02-25T17:42:08.070627+00:00,worldoil,People,Danos appoints new business development VP on heels of GoM labor supply company acquisition,Company News,https://www.worldoil.com/company-news/2023/3/30/danos-appoints-new-business-development-vp-on-heels-of-gom-labor-supply-company-acquisition/
"This demonstration will include showing the vehicle’s autonomous capability, and over-the-horizon command and control technology provided by fellow exhibitor Greensea Systems, Inc.",2023-03-30,0,2026-02-25T17:42:08.255981+00:00,worldoil,"Products,Automation & Control",Bayonet to demonstrate new autonomous underwater ground vehicle at Ocean Business,"Digital Transformation,Company News",https://www.worldoil.com/company-news/2023/3/30/bayonet-to-demonstrate-new-autonomous-underwater-ground-vehicle-at-ocean-business/
"SLB has secured multiple offshore drilling and well services contracts from Mubadala Energy for the Tangkulo deepwater gas development offshore Indonesia, with first gas targeted by 2028.",2026-02-12,0,2026-02-25T17:42:08.647233+00:00,worldoil,"Deepwater,Drilling,Indonesia",SLB wins integrated drilling contracts for Indonesia’s Tangkulo deepwater development,,https://www.worldoil.com/news/2026/2/12/slb-wins-integrated-drilling-contracts-for-indonesia-s-tangkulo-deepwater-development/
"Weatherford has secured a multi-year integrated completions contract from TotalEnergies to support offshore operations in Denmark, expanding its North Sea well services and completions portfolio.",2026-02-13,0,2026-02-25T17:42:09.025814+00:00,worldoil,"Completions,Western Europe",TotalEnergies awards Weatherford multi-year Denmark completions work,,https://www.worldoil.com/news/2026/2/13/totalenergies-awards-weatherford-multi-year-denmark-completions-work/
"Kongsberg Maritime has launched a unified digital solutions portfolio and introduced the KM Performance platform to improve fleet efficiency, emissions reporting and operational decision-making across offshore and marine operations.",2026-02-13,0,2026-02-25T17:42:09.482087+00:00,worldoil,,"Kongsberg Maritime launches unified digital portfolio, introduces KM Performance platform","Digital Transformation,Offshore",https://www.worldoil.com/news/2026/2/13/kongsberg-maritime-launches-unified-digital-portfolio-introduces-km-performance-platform/
"Congo has launched exports from Phase 2 of its LNG project, adding new floating LNG capacity and strengthening its position as an emerging African gas exporter supplying global markets.",2026-02-13,0,2026-02-25T17:42:09.826096+00:00,worldoil,"Africa,LNG",Congo launches Phase 2 LNG exports from Nguya FLNG facility,Offshore,https://www.worldoil.com/news/2026/2/13/congo-launches-phase-2-lng-exports-from-nguya-flng-facility/
"Halliburton has launched the XTR CS injection system, a wireline-retrievable safety valve designed to improve reliability and performance in CCUS and CO₂ injection wells operating under extreme conditions.",2026-02-13,0,2026-02-25T17:42:10.103381+00:00,worldoil,"Carbon Capture,Products,Industry Trends",Halliburton launches XTR CS injection system for CCUS and CO₂ injection wells,,https://www.worldoil.com/news/2026/2/13/halliburton-launches-xtr-cs-injection-system-for-ccus-and-co2-injection-wells/
Canada’s energy minister says carbon capture investments and the Pathways Alliance project will help secure the long-term future and global competitiveness of the country’s oil sands industry.,2026-02-14,0,2026-02-25T17:42:10.427453+00:00,worldoil,"Oil Sands,Canada,Carbon Capture","Canada backs carbon capture buildout to secure oil sands future, energy minister says",,https://www.worldoil.com/news/2026/2/14/canada-backs-carbon-capture-buildout-to-secure-oil-sands-future-energy-minister-says/
"Azule Energy has discovered a potential 500-million-barrel offshore oil accumulation in Angola’s Block 15/06, with appraisal planned to determine recoverable volumes and development options near existing infrastructure.",2026-02-14,0,2026-02-25T17:42:10.792814+00:00,worldoil,"Exploration,Angola",Azule Energy makes 500-MMbbl offshore oil discovery in Angola Block 15/06,Offshore,https://www.worldoil.com/news/2026/2/14/azule-energy-makes-500-mmbbl-offshore-oil-discovery-in-angola-block-15-06/
"DUG and Searcher Seismic have signed a multi-client agreement to reprocess legacy 3D seismic data offshore East Sarawak, Malaysia, creating a new dataset to support exploration and development across the region.",2026-02-16,0,2026-02-25T17:42:11.196672+00:00,worldoil,"Geology & Geophysics,Malaysia",DUG secures offshore Malaysia seismic imaging contract with Searcher,Offshore,https://www.worldoil.com/news/2026/2/16/dug-secures-offshore-malaysia-seismic-imaging-contract-with-searcher/
"Chevron has been awarded four offshore exploration blocks in Greece, expanding its Mediterranean portfolio and launching seismic programs to evaluate hydrocarbon potential south of Crete and the Peloponnese.",2026-02-16,0,2026-02-25T17:42:11.607149+00:00,worldoil,"Exploration,Greece",Chevron and HELLENiQ secure offshore Greece exploration leases,,https://www.worldoil.com/news/2026/2/16/chevron-and-helleniq-secure-offshore-greece-exploration-leases/
"An Australian court has dismissed a greenwashing lawsuit against Santos that alleged the company misled investors over its climate strategy and net-zero plans, marking a key ruling in energy-related ESG litigation.",2026-02-16,0,2026-02-25T17:42:12.037116+00:00,worldoil,"Australia,Regulatory",Santos wins dismissal of greenwashing case in Australia,Energy Transition,https://www.worldoil.com/news/2026/2/16/santos-wins-dismissal-of-greenwashing-case-in-australia/
"Buccaneer Energy has completed an organic oil recovery pilot at its Pine Mills field in East Texas, reporting increased production and reduced water cut as it evaluates expansion of the enhanced recovery program.",2026-02-16,0,2026-02-25T17:42:12.488345+00:00,worldoil,"Production,U.S. Onshore",Buccaneer reports production gains from East Texas oil recovery pilot,,https://www.worldoil.com/news/2026/2/16/buccaneer-reports-production-gains-from-east-texas-oil-recovery-pilot/
The African Energy Chamber is urging stronger local content policies and inclusive investment practices across Africa’s oil and gas sector as exploration and production activity expands across the continent.,2026-02-16,0,2026-02-25T17:42:12.949790+00:00,worldoil,"Africa,ESG/Investment","Africa’s oil and gas expansion must prioritize local workforce, AEC says",,https://www.worldoil.com/news/2026/2/16/africa-s-oil-and-gas-expansion-must-prioritize-local-workforce-aec-says/
"Aker BP has awarded Aker Solutions a long-term maintenance, modification and operations (MMO) contract covering all operated assets on the Norwegian Continental Shelf, supporting offshore efficiency and field development.",2026-02-16,0,2026-02-25T17:42:13.336205+00:00,worldoil,Norway/NCS,Aker BP awards long-term MMO contract to Aker Solutions for North Sea assets,,https://www.worldoil.com/news/2026/2/16/aker-bp-awards-long-term-mmo-contract-to-aker-solutions-for-north-sea-assets/
ABL has been awarded a marine warranty survey contract to support offshore construction and installation work for the Phase 4 development of Egypt’s Kamose gas field in the Mediterranean.,2026-02-16,0,2026-02-25T17:42:13.578350+00:00,worldoil,Egypt,ABL secures role on Kamose Phase 4 offshore gas expansion in Egypt,Offshore,https://www.worldoil.com/news/2026/2/16/abl-secures-role-on-kamose-phase-4-offshore-gas-expansion-in-egypt/
"Saipem has reached an agreement to acquire the Deep Value Driller drillship for $272.5 million, expanding its offshore drilling fleet and strengthening deepwater capabilities.",2026-02-17,0,2026-02-25T17:42:13.941051+00:00,worldoil,"Deepwater,Drilling",Saipem to acquire ultra-deepwater drillship for $272.5 million,,https://www.worldoil.com/news/2026/2/17/saipem-to-acquire-ultra-deepwater-drillship-for-272-5-million/
"Ovintiv has agreed to sell its Anadarko basin assets in Oklahoma for $3 billion, marking a major portfolio shift as the company focuses on core Permian and Montney positions.",2026-02-17,0,2026-02-25T17:42:14.309151+00:00,worldoil,"SCOOP/STACK,Shale",Ovintiv agrees to $3-billion sale of Anadarko basin assets,,https://www.worldoil.com/news/2026/2/17/ovintiv-agrees-to-3-billion-sale-of-anadarko-basin-assets/
"The offshore industry is marking the anniversary of the Ocean Ranger disaster, remembering the 84 crew members lost in 1982 and the lasting impact on offshore safety standards worldwide.",2026-02-17,0,2026-02-25T17:42:14.502345+00:00,worldoil,"Canada,People",Energy NL remembers Ocean Ranger offshore disaster 44 years later,Offshore,https://www.worldoil.com/news/2026/2/17/energy-nl-remembers-ocean-ranger-offshore-disaster-44-years-later/
"Eni has discovered significant gas and condensate volumes offshore Côte d’Ivoire at the Murene South-1X well in Block CI-501, confirming the potential of the Calao channel complex.",2026-02-17,0,2026-02-25T17:42:14.938548+00:00,worldoil,"Exploration,West Africa","Eni makes major gas, condensate discovery offshore Côte d’Ivoire",Offshore,https://www.worldoil.com/news/2026/2/17/eni-makes-major-gas-condensate-discovery-offshore-cote-d-ivoire/
"Guyana is moving forward with a second gas-to-shore project to transport natural gas from offshore fields for power generation and industrial development, supporting efforts to diversify its energy economy beyond oil.",2026-02-17,0,2026-02-25T17:42:15.308764+00:00,worldoil,Guyana,Guyana advances second gas-to-shore project to diversify beyond oil,"Offshore,Energy Transition",https://www.worldoil.com/news/2026/2/17/guyana-advances-second-gas-to-shore-project-to-diversify-beyond-oil/
The partnership will see UnderOcean provide business development and engineering support on behalf of FET’s Subsea Technologies product line in Brazil.,2023-08-07,0,2026-02-25T17:42:15.518166+00:00,worldoil,Subsea,Forum Energy Technologies appoints UnderOcean to bolster subsea operations in Brazil,"Offshore,Company News",https://www.worldoil.com/company-news/2023/8/7/forum-energy-technologies-appoints-underocean-to-bolster-subsea-operations-in-brazil/
"The system will be deployed to harvest critical seabed minerals such as cobalt, manganese, nickel and rare earth elements, which are key components in batteries for electric vehicles, solar cells, wind turbines, computers and smartphones.",2023-09-28,0,2026-02-25T17:42:15.885715+00:00,worldoil,Deepwater,Oil States wins “notable” contract for deepsea mineral riser system,"Offshore,Company News",https://www.worldoil.com/company-news/2023/9/28/oil-states-wins-notable-contract-for-deepsea-mineral-riser-system/
"With the majority of the world’s marine newbuild business located in China, and over 50% of Chinese shipyards located in a 200 km radius around Zhangjiagang, antifouling coatings are in high demand.",2023-09-28,0,2026-02-25T17:42:16.275123+00:00,worldoil,China,Hempel inaugurates new Chinese production facilities to meet coating solution demands,"Industry & Analysis,Company News",https://www.worldoil.com/company-news/2023/9/28/hempel-inaugurates-new-chinese-production-facilities-to-meet-coating-solution-demands/
"As an ELEVATE partner, AST will provide globally trusted connectivity solutions that deliver real customer value by enabling complete remote control to connect people, systems, and assets even in the most remote locations.",2024-02-01,0,2026-02-25T17:42:16.820413+00:00,worldoil,,"AST joins Viasat’s ELEVATE program to provide end-to-end, remote connectivity for oil and gas industry","Digital Transformation,Company News",https://www.worldoil.com/company-news/2024/2/1/ast-joins-viasat-s-elevate-program-to-provide-end-to-end-remote-connectivity-for-oil-and-gas-industry/
"Elementz, a next-generation name in subsea asset integrity management software, has exceeded early expectations by securing work worth more than £500,000 in its first three months of operation.",2024-10-15,0,2026-02-25T17:42:17.046113+00:00,worldoil,"UK/UKCS,Europe,Products,Innovative Thinkers","New name in subsea integrity management exceeds first quarter expectations with £500,000 projects","Digital Transformation,Company News",https://www.worldoil.com/company-news/2024/10/15/new-name-in-subsea-integrity-management-exceeds-first-quarter-expectations-with-500-000-projects/
"Seeq enters partnership with AVEVA, highlighting the companies’ integrated platforms that simplify access to operational data in context, enabling chemical, energy, metals, mining, utility and other industrial organizations to improve their operations and production outcomes.",2024-10-16,0,2026-02-25T17:42:17.445084+00:00,worldoil,"Innovative Thinkers,Industry Trends","Seeq and AVEVA partner to provide top enterprise data management services, analytics and AI","Digital Transformation,Company News",https://www.worldoil.com/company-news/2024/10/16/seeq-and-aveva-partner-to-provide-top-enterprise-data-management-services-analytics-and-ai/
"Siemens has launched SIMOCODE M-CP, an efficient and future-proof motor management product series, especially tailored for motor control centers (MCC).",2024-10-25,0,2026-02-25T17:42:17.819746+00:00,worldoil,"Innovative Thinkers,Products",Siemens unveils innovative motor management system for industrial switchboards,Company News,https://www.worldoil.com/company-news/2024/10/25/siemens-unveils-innovative-motor-management-system-for-industrial-switchboards/
"ASCO, a leading global logistics and materials management provider, has appointed William ""Bill"" Draper as General Manager of its Teesworks operations, as the site prepares for its first steel delivery.",2024-10-25,0,2026-02-25T17:42:18.256774+00:00,worldoil,People,ASCO welcomes new general manager ahead of first steel delivery at Teesworks,Company News,https://www.worldoil.com/company-news/2024/10/25/asco-welcomes-new-general-manager-ahead-of-first-steel-delivery-at-teesworks/
"Crest Collective has announced a partnership with HEBO Maritiem Service and Bonn & Mees Floating Sheerlegs. With this development, HEBO and Bonn & Mees have entrusted Crest with the delivery of personal leadership programs for their teams.",2024-10-25,0,2026-02-25T17:42:18.673200+00:00,worldoil,People,Crest teams up with fast-growing HEBO for leadership development,Company News,https://www.worldoil.com/company-news/2024/10/25/crest-teams-up-with-fast-growing-hebo-for-leadership-development/
"Condor Energies has reported a 5.3-MMscf/d test from a new well at the Kumli field in Uzbekistan, supporting field extension and ongoing gas development across its Central Asia operations.",2026-02-17,0,2026-02-25T17:42:19.032792+00:00,worldoil,Uzbekistan,Condor reports strong well test at Kumli gas field in Uzbekistan,,https://www.worldoil.com/news/2026/2/17/condor-reports-strong-well-test-at-kumli-gas-field-in-uzbekistan/
"Fulkrum has opened a Bogotá office to support upstream oil and gas and new energy projects across Colombia and South America, providing inspection, technical staffing and asset integrity services.",2026-02-17,0,2026-02-25T17:42:19.264377+00:00,worldoil,"Colombia,Industry Trends",Fulkrum strengthens Colombia operations with new Bogotá hub,,https://www.worldoil.com/news/2026/2/17/fulkrum-strengthens-colombia-operations-with-new-bogota-hub/
"Oil States, THREE60 Energy and Innovair have formed a strategic alliance to deliver integrated inspection, engineering and repair solutions for offshore caisson integrity across global oil and gas assets.",2026-02-17,0,2026-02-25T17:42:19.605078+00:00,worldoil,UK/UKCS,North Sea-focused alliance expands global caisson integrity services,Offshore,https://www.worldoil.com/news/2026/2/17/north-sea-focused-alliance-expands-global-caisson-integrity-services/
"Venezuela’s oil production could increase by 30%–40% in 2026, or roughly 300,000–400,000 bpd, according to the U.S. energy secretary, as renewed operating licenses and growing international interest support efforts to revive the country’s upstream sector.",2026-02-18,0,2026-02-25T17:42:19.903337+00:00,worldoil,"Venezuela,Production",U.S. says Venezuela oil output could rise 30%–40% in 2026,Industry & Analysis,https://www.worldoil.com/news/2026/2/18/u-s-says-venezuela-oil-output-could-rise-30-40-in-2026/
"Russia’s oil drilling activity fell to a three-year low in 2025 as sanctions, weaker prices and a strong ruble pressured revenues, raising concerns about the country’s ability to sustain crude production and meet future OPEC+ supply targets.",2026-02-18,0,2026-02-25T17:42:20.141118+00:00,worldoil,"Russia,Drilling",Russia drilling slowdown raises concerns over future oil output,Industry & Analysis,https://www.worldoil.com/news/2026/2/18/russia-drilling-slowdown-raises-concerns-over-future-oil-output/
"Expand Energy posted strong fourth-quarter results and is targeting higher gas output in 2026, as the U.S. producer ramps Haynesville activity, boosts cash flow and continues debt reduction while positioning for rising LNG-driven demand.",2026-02-18,0,2026-02-25T17:42:20.629106+00:00,worldoil,"Production,Haynesville","Expand Energy reports strong Q4, targets higher gas output in 2026",,https://www.worldoil.com/news/2026/2/18/expand-energy-reports-strong-q4-targets-higher-gas-output-in-2026/
"Brava Energia has been authorized to proceed with the transfer of a 37.5% stake in Brazil’s offshore Papa-Terra field, subject to arbitration conditions and regulatory approvals including Brazil’s ANP.",2026-02-18,0,2026-02-25T17:42:20.911034+00:00,worldoil,"Deepwater,Brazil",Arbitration order clears path for Papa-Terra stake transfer offshore Brazil,,https://www.worldoil.com/news/2026/2/18/arbitration-order-clears-path-for-papa-terra-stake-transfer-offshore-brazil/
"Occidental reported strong fourth-quarter 2025 production and cash flow, exceeded output guidance and reduced debt following its OxyChem sale, reinforcing its Permian-focused portfolio and balance sheet strength.",2026-02-18,0,2026-02-25T17:42:21.411768+00:00,worldoil,"Production,North America","Occidental reduces debt after OxyChem sale, posts strong quarter",Industry & Analysis,https://www.worldoil.com/news/2026/2/18/occidental-reduces-debt-after-oxychem-sale-posts-strong-quarter/
"Valaris has secured nearly $900 million in new contract awards and extensions across its global fleet, with fresh drillship work in Angola and Brazil and jackup demand strengthening across Southeast Asia, Australia and the North Sea.",2026-02-18,0,2026-02-25T17:42:21.783246+00:00,worldoil,Drilling,Valaris secures nearly $900 million in new contract backlog across fleet,Offshore,https://www.worldoil.com/news/2026/2/18/valaris-secures-nearly-900-million-in-new-contract-backlog-across-fleet/
"SM Energy has agreed to sell 61,000 net acres and 260 producing wells in South Texas to Caturus Energy for $950 million, with proceeds expected to reduce debt and strengthen its balance sheet.",2026-02-18,0,2026-02-25T17:42:22.140764+00:00,worldoil,"U.S. Onshore,Conventional",SM Energy to sell South Texas assets to Caturus Energy for $950 million,,https://www.worldoil.com/news/2026/2/18/sm-energy-to-sell-south-texas-assets-to-caturus-energy-for-950-million/
"Cameroon has opened bidding for nine upstream oil and gas blocks across the Rio del Rey and Douala/Kribi Campo basins, offering data-rich exploration opportunities near existing production with proposals due by March 30, 2026.",2026-02-19,0,2026-02-25T17:42:22.598300+00:00,worldoil,"Exploration,Africa",Cameroon offers nine exploration blocks in 2025–26 licensing round across two proven basins,Offshore,https://www.worldoil.com/news/2026/2/19/cameroon-offers-nine-exploration-blocks-in-2025-26-licensing-round-across-two-proven-basins/
"bp has renewed a long-term offshore operations and maintenance contract covering eight platforms in Azerbaijan’s Caspian Sea, with the agreement potentially exceeding $1 billion and reinforcing long-standing partnerships supporting safe, efficient regional production.",2026-02-19,0,2026-02-25T17:42:22.887895+00:00,worldoil,Azerbaijan,bp renews long-term offshore O&M contract in Azerbaijan’s Caspian Sea,Offshore,https://www.worldoil.com/news/2026/2/19/bp-renews-long-term-offshore-o-m-contract-in-azerbaijan-s-caspian-sea/
"TIPRO has launched the Power Texas program with Arise Energy, offering Texas oil and gas operators access to competitive electricity procurement tools as power demand and electrification drive higher operating costs across the state.",2026-02-19,0,2026-02-25T17:42:23.242466+00:00,worldoil,"Permian Basin,Production,Industry Trends",Texas producers gain access to new electricity procurement platform through TIPRO partnership,,https://www.worldoil.com/news/2026/2/19/texas-producers-gain-access-to-new-electricity-procurement-platform-through-tipro-partnership/
"Chariot plans to raise $20 million to fund Etu Energias’ acquisition of offshore Angola oil assets, gaining exposure to up to 4,000 bopd production.",2026-02-19,0,2026-02-25T17:42:23.596730+00:00,worldoil,"Production,Angola",Chariot to raise $20 million to fund offshore Angola oil production stake,Offshore,https://www.worldoil.com/news/2026/2/19/chariot-to-raise-20-million-to-fund-offshore-angola-oil-production-stake/
"Guyana is ramping up infrastructure, gas-to-shore and economic diversification efforts as offshore oil production surges from Exxon-operated fields. President Irfaan Ali says the country aims to avoid the resource curse while accelerating long-term growth.",2026-02-19,0,2026-02-25T17:42:24.025311+00:00,worldoil,"Guyana,Industry Trends",Guyana aims for ‘Norway model’ as offshore oil boom transforms economy,,https://www.worldoil.com/news/2026/2/19/guyana-aims-for-norway-model-as-offshore-oil-boom-transforms-economy/
"Nigeria has ordered state oil company NNPC to remit more oil and gas revenue from production-sharing contracts to the federation account, eliminating key deductions in a move aimed at strengthening public finances and reshaping fiscal policy for the upstream sector.",2026-02-19,0,2026-02-25T17:42:24.187721+00:00,worldoil,"West Africa,ESG/Investment","Nigeria orders NNPC to remit more oil, gas revenue to state accounts in major fiscal reform",,https://www.worldoil.com/news/2026/2/19/nigeria-orders-nnpc-to-remit-more-oil-gas-revenue-to-state-accounts-in-major-fiscal-reform/
"The African Energy Chamber will lead a delegation to Venezuela to explore upstream investment and strengthen oil and gas cooperation between African and Venezuelan energy stakeholders, as both regions seek to expand production and global partnerships.",2026-02-20,0,2026-02-25T17:42:24.613686+00:00,worldoil,"Africa,Venezuela,ESG/Investment",Africa–Venezuela cooperation in focus as energy delegation heads to Caracas,,https://www.worldoil.com/news/2026/2/20/africa-venezuela-cooperation-in-focus-as-energy-delegation-heads-to-caracas/
"U.S. House Republicans have launched an investigation into environmental groups over opposition to ConocoPhillips’ $9-billion Willow oil project in Alaska, a major North Slope development expected to produce about 600 million barrels of crude over its lifetime.",2026-02-20,0,2026-02-25T17:42:25.012992+00:00,worldoil,"U.S./Canada,Arctic,Regulatory",GOP investigates environmental groups opposing Alaska’s Willow oil project,,https://www.worldoil.com/news/2026/2/20/gop-investigates-environmental-groups-opposing-alaska-s-willow-oil-project/
"ConocoPhillips is evaluating a potential $2-billion sale of Permian basin assets in the Delaware basin as part of its broader portfolio streamlining and post-Marathon acquisition divestiture program, highlighting continued consolidation across the U.S. shale sector.",2026-02-20,0,2026-02-25T17:42:25.402964+00:00,worldoil,Permian Basin,ConocoPhillips explores $2-billion sale of Permian basin assets,,https://www.worldoil.com/news/2026/2/20/conocophillips-explores-2-billion-sale-of-permian-basin-assets/
"Ghana’s parliament has ratified license extensions for the Jubilee and TEN fields through 2040, enabling new drilling and investment plans by Kosmos Energy and partners while supporting higher oil and gas output and domestic gas supply.",2026-02-20,0,2026-02-25T17:42:25.737460+00:00,worldoil,"Deepwater,Production,Africa","Ghana ratifies Kosmos license extensions for Jubilee, TEN fields to 2040",,https://www.worldoil.com/news/2026/2/20/ghana-ratifies-kosmos-license-extensions-for-jubilee-ten-fields-to-2040/
"AEGIR-Marine Hellas has officially opened its new office in Athens, Greece. Coinciding with AEGIR- Marine’s 25-year anniversary, the company’s Greek branch chose to celebrate the occasion by hosting a party for clients, friends, representatives from the Dutch head office, and Naomi Yorks, Deputy Head of Mission, Embassy of The Kingdom of The Netherlands in Greece.",2025-05-12,0,2026-02-25T17:42:26.083947+00:00,worldoil,,AEGIR-Marine Hellas celebrates new Athens office and a complete team,Company News,https://www.worldoil.com/company-news/2025/5/12/aegir-marine-hellas-celebrates-new-athens-office-and-a-complete-team/
"Acteon, through its Marine Foundations business line, MENCK, has secured a contract to supply advanced pile-driving equipment and operational services for the installation of the Hornsea 3 offshore wind farm in the UK North Sea.",2025-07-24,0,2026-02-25T17:42:26.492432+00:00,worldoil,"Offshore Wind,UK/UKCS",MENCK to deliver pile-driving equipment for Hornsea 3 offshore wind farm installation,Company News,https://www.worldoil.com/company-news/2025/7/24/menck-to-deliver-pile-driving-equipment-for-hornsea-3-offshore-wind-farm-installation/
BOURBON announces the signature of a five-year contract with Eni Congo for the renewal of its crewboat fleet. This contract marks a strategic milestone to further reduce the emission associated to the offshore transport of personnel.,2025-07-31,0,2026-02-25T17:42:26.840434+00:00,worldoil,"Africa,People",Six new crewboats chartered to support Eni's offshore Congo operations,"Offshore,Company News",https://www.worldoil.com/company-news/2025/7/31/six-new-crewboats-chartered-to-support-eni-s-offshore-congo-operations/
"Argent LNG has announced the launch of a strategic talent acquisition campaign aimed at assembling a world-class leadership team. This team will drive the development of Argent’s flagship LNG export terminal at Port Fourchon, positioning the company at the forefront of the global energy transition.",2025-07-31,0,2026-02-25T17:42:27.279229+00:00,worldoil,"North America,People,LNG",Argent LNG launches strategic talent acquisition campaign,Company News,https://www.worldoil.com/company-news/2025/7/31/argent-lng-launches-strategic-talent-acquisition-campaign/
"Petrochemicals company Borouge Plc announced a net profit of $193 million for the second quarter of 2025, exceeding market expectations. The results reflect disciplined execution of the planned Borouge 3 turnaround, with the company maintaining strong margins.",2025-07-31,0,2026-02-25T17:42:27.624708+00:00,worldoil,,Borouge announces $193 million Q2 2025 net profit supported by successful plant turnaround,"Energy Transition,Industry & Analysis,Company News",https://www.worldoil.com/company-news/2025/7/31/borouge-announces-193-million-q2-2025-net-profit-supported-by-successful-plant-turnaround/
"Polaris Commercial has announced a strategic partnership with M.E.S.O., Inc., a leading provider of mobile equipment maintenance and repair services. This collaboration will provide Pro XD owners expanded access to expert service, minimizing downtime and maximizing productivity on the jobsite.",2025-08-12,0,2026-02-25T17:42:27.990832+00:00,worldoil,"U.S. Onshore,Industry Trends","Polaris Commercial and M.E.S.O., Inc. partner to expand service for Pro XD work UTVs",Company News,https://www.worldoil.com/company-news/2025/8/12/polaris-commercial-and-m-e-s-o-inc-partner-to-expand-service-for-pro-xd-work-utvs/
"Fulkrum has announced the successful launch of its Legal Intern Program, a new initiative developed in partnership with the University of Southampton Global Legal Clinic. The program offers two law students a five-week placement with Fulkrum’s internal legal and compliance teams.",2025-08-19,0,2026-02-25T17:42:28.334215+00:00,worldoil,"UK/UKCS,People",Fulkrum celebrates successful launch of Legal Intern Program,Company News,https://www.worldoil.com/company-news/2025/8/19/fulkrum-celebrates-successful-launch-of-legal-intern-program/
"Supporting workforce logistics for both multinational crew rotations and shore-based and corporate personnel, ATPI will provide comprehensive travel solutions to each operator to ensure safe and efficient transfer of crew to and from drilling sites and offshore rigs.",2025-08-19,0,2026-02-25T17:42:28.707128+00:00,worldoil,"U.S. Offshore,Drilling,People",ATPI lands contracts with two U.S. offshore drilling contractors,Company News,https://www.worldoil.com/company-news/2025/8/19/atpi-lands-contracts-with-two-u-s-offshore-drilling-contractors/
"Dutch emission-reduction technology innovator Value Maritime has appointed MIE Group Ltd as its new commercial agent in Cyprus, reinforcing its commitment to expanding across the Mediterranean region.",2025-10-22,0,2026-02-25T17:42:29.154882+00:00,worldoil,"Eastern Mediterranean,Cyprus",Value Maritime expands Mediterranean presence with appointment of commercial agent in Cyprus,Company News,https://www.worldoil.com/company-news/2025/10/22/value-maritime-expands-mediterranean-presence-with-appointment-of-commercial-agent-in-cyprus/
"ORLEN expands its Norwegian Continental Shelf footprint with new equity in Albuskjell and Vest Ekofisk, advancing the Ekofisk-area PPF project targeting first gas in 2028.",2026-02-23,0,2026-02-25T17:42:29.594937+00:00,worldoil,Norway/NCS,ORLEN builds 25-MMboe North Sea portfolio in Ekofisk Area,Offshore,https://www.worldoil.com/news/2026/2/23/orlen-builds-25-mmboe-north-sea-portfolio-in-ekofisk-area/
"SOCAR and Gran Tierra Energy sign a production sharing agreement for exploration and development of a Guba-Caspian onshore block in Azerbaijan, with Gran Tierra as 65% operator.",2026-02-23,0,2026-02-25T17:42:29.997348+00:00,worldoil,"Europe,Exploration,Far East","SOCAR, Gran Tierra to explore onshore block in Azerbaijan",,https://www.worldoil.com/news/2026/2/23/socar-gran-tierra-to-explore-onshore-block-in-azerbaijan/
"Pertamina and Halliburton sign an MOU to evaluate multi-stage hydraulic fracturing, acid stimulation and AI-driven drilling technologies aimed at revitalizing mature upstream fields in Indonesia.",2026-02-23,0,2026-02-25T17:42:30.487222+00:00,worldoil,"Indonesia,Hydraulic Fracturing","Pertamina, Halliburton target unconventional fracturing expansion in Indonesia",,https://www.worldoil.com/news/2026/2/23/pertamina-halliburton-target-unconventional-fracturing-expansion-in-indonesia/
"Ovintiv is directing nearly $2.3 billion in 2026 capital toward its Permian and Montney assets, targeting up to 275 net wells and increased oil output from its core North American basins.",2026-02-24,0,2026-02-25T17:42:30.779875+00:00,worldoil,"Permian Basin,Canada",Ovintiv doubles down on Permian and Montney in 2026 capital shift,,https://www.worldoil.com/news/2026/2/24/ovintiv-doubles-down-on-permian-and-montney-in-2026-capital-shift/
Murphy Oil has plugged the Caracal-1X exploration well as a dry hole offshore Côte d’Ivoire but plans to proceed with the Bubale-1X prospect in its three-well West Africa campaign.,2026-02-24,0,2026-02-25T17:42:30.948426+00:00,worldoil,"Exploration,West Africa",Murphy Oil’s offshore West Africa well comes up dry,Offshore,https://www.worldoil.com/news/2026/2/24/murphy-oil-s-offshore-west-africa-well-comes-up-dry/
"Technip Energies has secured a contract to advance the Coral Norte FLNG project offshore Mozambique, reinforcing the country’s second floating LNG development in the Rovuma basin.",2026-02-24,0,2026-02-25T17:42:31.247797+00:00,worldoil,"East Africa,LNG,Deepwater",Technip Energies wins Coral Norte FLNG contract offshore Mozambique,Offshore,https://www.worldoil.com/news/2026/2/24/technip-energies-wins-coral-norte-flng-contract-offshore-mozambique/
ExxonMobil says rapid production growth in Guyana is strengthening its hand in negotiations for the next generation of global oil projects as competition for reserves intensifies.,2026-02-24,0,2026-02-25T17:42:31.549686+00:00,worldoil,"Production,Guyana",Exxon leverages Guyana growth in global race for new oil resources,,https://www.worldoil.com/news/2026/2/24/exxon-leverages-guyana-growth-in-global-race-for-new-oil-resources/
"Shale giant Diamondback Energy says fears of a global oil glut are easing as demand remains resilient, even as the Permian producer tests deeper drilling zones.",2026-02-24,0,2026-02-25T17:42:31.751753+00:00,worldoil,"Permian Basin,Shale",Shale giant Diamondback says global oil glut fears are fading,,https://www.worldoil.com/news/2026/2/24/shale-giant-diamondback-says-global-oil-glut-fears-are-fading/
"Angola’s state oil company Sonangol is continuing preparations for a potential IPO, despite being removed from the country’s current privatization list. The listing remains a key part of Angola’s strategy to improve transparency and attract foreign investment.",2026-02-25,0,2026-02-25T17:42:32.130858+00:00,worldoil,"Angola,ESG/Investment",Angola’s Sonangol advances IPO plans despite privatization program delays,,https://www.worldoil.com/news/2026/2/25/angola-s-sonangol-advances-ipo-plans-despite-privatization-program-delays/
